Sample,Site,Member,Dickinson,Qps,QpT,Qms,Qrv,Qrm,Qrg,Kor,Kan,Kpg,Kmi,Kp,Krg,Krm,Krv,Ps,Pmy,Ptw,Prg,Prm,Prv,As,Atw,Arg,Arm,Arv,Lcmif,Lcmir,Lcmic,Lcmich,Lcmi,Lssc,Lcsf,Lcs,Lch,Lchb,Lss,Lsp,Lvf,Lva,Lvg,Lmf1,Lmf2,Lmf3,Lmf4,Rmf5,Lmp1,Lmp2,Lmp3,Lmp4,Rmp5,Lmb1,Sed,Gra,Volc,Met,C,Ap,Gr,Hb,Px,Rt,St,Zr,Mb,Mm,Mrg,Mrm,Chl,Gl,Op,Ph,Si,AR,Bz,Sh,Das,Ech,Fc,Md,Oo,Ra,Se,Fph,Pore
JR1,carrière inférieure de Saxel,VS,337,39,1,189,0,0,14,10,37,1,0,0,0,0,0,13,0,0,9,0,0,0,0,0,0,0,0,0,0,0,14,0,0,0,4,0,0,1,2,0,3,0,0,0,0,0,0,0,0,0,0,0,0,9,3,1,85,0,0,0,0,0,0,1,1,0,0,0,0,1,2,0,0,4,0,0,0,0,1,3,0,0,0,0,3
JR2,carrière de Bons,VS,329,6,0,193,0,0,2,3,46,0,0,0,1,0,0,54,0,0,1,0,0,1,0,0,0,0,0,0,0,0,16,0,0,0,4,0,0,0,1,0,1,0,0,0,0,0,0,0,0,0,0,0,0,3,1,0,226,0,0,0,0,0,1,1,3,1,0,0,0,11,6,0,1,0,0,0,0,0,1,0,0,0,0,0,0
JR3,carrière de Bons,VS,313,8,0,188,0,0,8,0,29,1,0,0,0,0,0,56,0,0,9,0,0,0,0,0,0,0,0,0,0,0,8,0,0,0,5,0,0,0,0,0,1,0,0,0,0,0,0,0,0,0,0,0,0,6,1,1,163,0,0,0,0,0,1,2,3,0,0,0,0,18,10,1,0,0,0,0,0,0,1,0,0,1,0,0,2
JR4,carrière de Bons,VS,277,2,0,216,0,0,2,18,6,0,0,0,1,0,0,0,0,0,0,0,0,5,1,0,0,0,0,0,0,0,25,0,0,0,1,0,0,0,0,0,0,0,0,0,0,0,0,0,0,0,0,0,0,0,0,0,301,0,0,0,0,0,0,0,3,0,0,0,0,61,10,7,1,0,0,0,0,0,82,0,0,0,0,0,0
JR5,carrière de Bons,VS,299,3,0,181,0,0,0,2,43,0,0,0,0,0,0,56,0,0,0,0,0,0,0,0,0,0,0,0,0,0,10,0,0,0,3,0,0,0,0,0,1,0,0,0,0,0,0,0,0,0,0,0,0,0,1,0,333,0,0,0,0,0,0,0,13,7,0,0,0,19,15,18,0,0,0,0,0,0,50,0,0,3,0,0,0
JR6,carrière de Bons,VS,320,9,0,140,0,0,10,2,35,12,0,0,0,0,0,64,0,0,13,0,0,4,1,0,0,0,0,0,0,0,12,0,0,0,15,0,0,0,0,0,2,0,0,0,0,0,0,0,1,0,0,0,0,8,2,1,176,0,0,0,0,0,0,0,2,0,0,0,0,43,1,0,0,2,0,0,0,0,12,1,0,0,0,1,0
JR7,carrière de Bons,VS,336,12,1,70,1,0,24,39,49,7,0,0,0,0,1,56,0,0,13,0,0,10,0,2,0,0,0,0,0,0,26,0,0,0,13,0,0,0,5,0,7,0,0,0,0,0,0,0,0,0,0,0,0,21,7,0,306,0,0,0,0,0,0,0,3,7,1,0,2,1,1,4,0,3,2,0,0,1,52,0,0,0,0,4,1
JR8,carrière de Bons,VS,321,0,0,266,0,0,0,4,16,0,0,0,0,0,0,20,0,0,0,0,0,0,0,0,0,0,0,0,0,0,15,0,0,0,0,0,0,0,0,0,0,0,0,0,0,0,0,0,0,0,0,0,0,0,0,0,277,0,0,0,0,0,0,0,9,2,0,0,0,45,17,3,0,0,0,0,0,0,15,0,0,0,0,0,0
JR9,carrière de Bons,VS,244,3,0,173,0,0,0,0,11,0,0,0,0,0,0,38,0,0,0,0,0,1,0,0,0,0,0,0,0,0,17,0,0,0,1,0,0,0,0,0,0,0,0,0,0,0,0,0,0,0,0,0,0,0,0,0,284,0,0,0,0,0,0,1,0,0,0,0,0,9,3,20,0,1,0,0,0,0,47,0,0,0,0,0,0
JR10,carrière de Bons,VS,322,17,0,143,0,0,10,42,21,0,0,0,4,0,0,54,0,0,6,0,0,3,0,0,0,0,0,0,0,0,16,0,0,0,4,0,0,0,2,0,0,0,0,0,0,0,0,0,0,0,0,0,0,7,0,0,230,0,0,0,0,0,0,1,7,0,0,0,0,15,2,10,1,0,0,0,0,0,24,0,0,0,0,0,0
JR11,carrière inférieure de Saxel,VS,314,58,5,170,0,0,11,0,18,4,0,0,0,0,0,17,0,0,9,0,0,0,0,0,0,0,1,0,0,0,12,0,0,0,4,0,0,0,3,0,2,0,0,0,0,0,0,0,0,0,0,0,0,9,2,8,29,0,0,0,0,0,0,0,0,2,0,0,0,1,0,1,0,3,1,0,0,0,1,1,0,0,0,0,7
JR12,carrière inférieure de Saxel,VS,299,3,0,168,0,0,1,3,48,0,0,0,0,0,0,49,0,0,1,0,0,0,0,0,0,0,0,0,0,0,21,0,0,0,5,0,0,0,0,0,0,0,0,0,0,0,0,0,0,0,0,0,0,1,0,0,362,0,0,0,0,0,0,3,1,3,0,0,0,9,4,12,2,2,0,0,0,0,11,0,0,8,0,0,0
JR13,carrière inférieure de Saxel,VS,319,42,1,178,0,0,12,21,20,0,0,0,1,0,4,8,0,0,15,0,0,4,0,1,0,0,0,0,0,0,9,0,0,0,2,0,0,0,0,0,1,0,0,0,0,1,0,0,0,0,0,0,0,10,1,1,164,0,0,0,0,0,0,0,0,0,1,0,0,0,1,0,0,4,0,0,0,0,2,2,0,0,0,0,1
JR14,carrière inférieure de Saxel,VS,321,1,0,231,0,0,0,0,16,0,0,0,0,0,0,53,0,0,0,0,0,0,0,0,0,0,0,0,0,0,10,0,0,0,10,0,0,0,0,0,0,0,0,0,0,0,0,0,0,0,0,0,0,0,0,0,450,0,0,0,0,0,1,1,4,0,0,0,0,10,1,7,0,0,1,0,0,0,2,1,0,0,0,0,2
JR15,carrière inférieure de Saxel,VS,304,12,1,185,0,0,7,1,33,0,0,0,0,0,0,26,0,0,9,0,0,0,0,0,0,0,2,0,0,0,25,0,0,0,3,0,0,0,0,0,0,0,0,0,0,0,0,0,0,0,0,0,0,5,0,1,378,0,0,0,0,0,0,0,0,0,2,0,0,6,2,6,0,4,0,0,0,0,8,7,0,16,0,0,1
JR16,carrière supérieure de Saxel,VS,317,30,7,56,0,0,41,14,13,28,0,0,11,0,0,35,0,2,54,0,0,3,0,3,0,0,0,0,0,0,1,0,0,0,6,0,0,0,2,0,6,0,1,0,2,0,2,0,0,0,0,0,0,27,6,12,5,0,0,0,0,0,0,0,4,1,4,0,0,1,0,0,0,0,0,0,0,0,0,0,0,0,0,0,16
JR17a,carrière supérieure de Saxel,VS,330,8,0,165,0,0,9,21,34,0,0,0,0,0,0,44,0,1,9,0,0,12,0,1,0,0,0,0,0,0,19,0,0,0,4,0,0,0,1,0,2,0,0,0,0,0,0,0,0,0,0,0,0,10,2,0,223,0,0,0,0,0,0,1,3,0,0,0,0,4,2,4,0,0,0,0,0,0,5,0,0,0,0,1,0
JR18,carrière supérieure de Saxel,VS,328,27,4,57,0,0,52,25,11,19,0,0,26,0,0,44,0,0,38,1,1,3,2,2,0,0,0,0,0,0,3,0,0,0,1,0,0,0,6,0,6,0,0,0,0,1,0,0,0,0,0,0,0,38,6,4,51,0,0,0,0,0,0,0,6,3,2,0,0,0,0,0,0,0,0,0,0,0,0,0,0,0,0,0,17
JR19,carrière supérieure de Saxel,VS,300,25,3,68,0,0,47,44,3,1,0,0,0,3,0,37,0,3,20,1,7,6,2,4,0,0,1,0,0,0,11,0,0,0,1,0,0,0,6,0,6,0,0,0,0,2,0,0,1,0,0,0,0,32,6,4,126,0,0,0,0,0,0,0,0,1,2,0,0,2,1,0,0,1,0,0,0,1,17,0,0,0,0,0,7
JR20a,carrière supérieure de Saxel,VS,323,8,0,59,0,0,21,49,9,20,1,0,14,0,6,76,0,5,21,0,0,5,0,2,0,0,0,0,0,0,1,0,0,0,15,0,0,0,3,0,8,0,0,0,0,0,0,0,0,0,0,0,0,20,8,0,135,0,0,0,0,0,0,1,6,5,1,0,1,2,0,0,0,0,0,0,0,0,1,0,0,0,0,0,3
JR21,carrière supérieure de Saxel,VS,320,11,1,86,1,0,40,2,63,0,0,0,41,0,1,28,0,5,6,0,0,3,0,1,0,0,0,0,0,0,20,0,0,0,6,0,2,0,1,0,2,0,0,0,0,0,0,0,0,0,0,0,0,26,1,2,126,0,0,0,0,0,0,0,5,6,2,0,0,6,0,1,0,6,0,1,0,0,12,1,0,1,0,0,10
JR22,Allinges,AS,318,41,1,164,0,0,4,13,2,32,0,0,1,0,0,47,0,0,4,0,0,0,0,0,0,0,0,0,0,0,8,0,0,1,0,0,0,0,0,0,0,0,0,0,0,0,0,0,0,0,0,0,0,4,0,1,14,0,0,0,0,0,0,0,0,1,1,0,0,8,1,0,0,0,0,0,0,0,0,0,0,0,0,0,55
JR23,Allinges,AS,331,22,0,168,0,0,3,2,59,1,0,0,0,0,0,44,0,0,5,0,0,7,2,0,0,0,0,0,0,0,15,0,0,0,3,0,0,0,0,0,0,0,0,0,0,0,0,0,0,0,0,0,0,2,0,0,170,0,0,0,0,0,0,0,5,5,0,0,0,15,2,0,0,1,1,2,0,1,3,0,0,0,0,0,6
JR24,Allinges,AS,236,86,1,83,0,0,9,0,0,21,0,0,0,0,0,18,0,0,12,0,0,2,0,0,0,0,0,0,0,0,3,1,0,0,0,0,0,0,0,0,0,0,0,0,0,0,0,0,0,0,0,0,0,8,0,1,6,0,0,0,0,0,0,1,0,0,1,0,2,0,0,0,0,0,0,0,0,0,0,1,0,0,0,0,83
JR25,Allinges,AS,188,59,2,69,0,0,7,0,2,20,0,0,0,0,0,13,0,0,8,2,0,0,0,0,0,0,0,0,0,0,2,0,0,4,0,0,0,0,0,0,0,0,0,0,0,1,0,0,0,0,0,0,0,4,0,2,11,0,0,0,0,0,0,0,0,0,1,0,1,0,0,0,0,0,0,0,0,0,0,1,0,0,0,0,22
JR26,Allinges,AS,365,79,0,167,0,0,35,0,4,12,0,0,17,0,0,34,0,0,6,0,0,3,0,0,0,0,0,0,0,0,5,0,0,1,2,0,0,0,0,0,0,0,0,0,0,0,0,0,0,0,0,0,0,6,0,0,46,0,0,0,0,0,0,0,1,0,3,0,0,2,1,0,0,0,1,0,0,1,0,4,0,0,0,0,35
JR27,Allinges,AS,0,,,,,,,,,,,,,,,,,,,,,,,,,,,,,,,,,,,,,,,,,,,,,,,,,,,,,,,,,,,,,,,,,,,,,,,,,,,,,,,,,,,,
JR28,Maladière,AS,0,,,,,,,,,,,,,,,,,,,,,,,,,,,,,,,,,,,,,,,,,,,,,,,,,,,,,,,,,,,,,,,,,,,,,,,,,,,,,,,,,,,,
JR29,Allinges,AS,0,,,,,,,,,,,,,,,,,,,,,,,,,,,,,,,,,,,,,,,,,,,,,,,,,,,,,,,,,,,,,,,,,,,,,,,,,,,,,,,,,,,,
JR30,Maladière,AS,0,,,,,,,,,,,,,,,,,,,,,,,,,,,,,,,,,,,,,,,,,,,,,,,,,,,,,,,,,,,,,,,,,,,,,,,,,,,,,,,,,,,,
JR31,Maladière,AS,0,,,,,,,,,,,,,,,,,,,,,,,,,,,,,,,,,,,,,,,,,,,,,,,,,,,,,,,,,,,,,,,,,,,,,,,,,,,,,,,,,,,,
JR32,torrent de Saxel,SM,333,21,0,209,0,0,6,1,25,2,0,0,0,0,0,31,0,1,7,0,0,3,0,0,0,0,0,0,0,0,22,0,0,0,4,0,0,0,1,0,0,0,0,0,0,0,0,0,0,0,0,0,0,7,0,0,178,0,0,0,0,0,0,1,3,1,0,0,0,5,0,1,0,3,0,0,0,0,7,1,0,0,0,0,0
JR33,D20 - Talus 902,VS,0,,,,,,,,,,,,,,,,,,,,,,,,,,,,,,,,,,,,,,,,,,,,,,,,,,,,,,,,,,,,,,,,,,,,,,,,,,,,,,,,,,,,
JR34,D20 - Talus 902,VS,0,,,,,,,,,,,,,,,,,,,,,,,,,,,,,,,,,,,,,,,,,,,,,,,,,,,,,,,,,,,,,,,,,,,,,,,,,,,,,,,,,,,,
JR35,D20 - Talus 902,VS,0,,,,,,,,,,,,,,,,,,,,,,,,,,,,,,,,,,,,,,,,,,,,,,,,,,,,,,,,,,,,,,,,,,,,,,,,,,,,,,,,,,,,
JR36,carrière inférieure de Saxel,VS,326,23,1,137,1,0,26,23,31,3,0,1,3,0,0,20,0,1,25,0,2,0,0,0,0,0,1,4,0,0,10,0,0,0,8,0,0,0,4,0,2,0,0,0,0,0,0,0,0,0,0,0,0,1,2,0,76,0,0,0,0,0,0,0,0,4,0,0,0,0,0,0,0,11,1,2,0,1,2,0,0,0,0,0,27
JR37,carrière inférieure de Saxel,VS,335,34,1,165,0,0,24,0,8,26,0,0,0,0,0,26,0,0,25,3,0,0,0,2,0,0,1,4,0,0,7,1,0,0,2,0,0,1,3,0,1,0,0,0,1,0,0,0,0,0,0,0,0,18,1,2,109,0,0,0,0,0,0,0,0,0,0,0,0,2,0,2,0,9,1,1,0,3,2,4,0,0,0,0,8
JR38,carrière de Bons,VS,210,0,0,180,0,0,0,3,21,0,0,0,0,0,0,1,0,0,0,0,0,4,0,0,0,0,0,0,0,0,1,0,0,0,0,0,0,0,0,0,0,0,0,0,0,0,0,0,0,0,0,0,0,0,0,0,429,0,1,0,0,0,0,1,6,4,0,0,0,19,1,6,0,0,0,0,0,0,119,0,0,3,0,0,0
JR39,torrent de Saxel,SM,310,14,0,199,0,0,6,1,36,0,0,0,0,0,0,38,0,0,5,0,0,0,0,0,0,0,0,0,0,0,10,0,0,0,1,0,0,0,0,0,0,0,0,0,0,0,0,0,0,0,0,0,0,5,0,0,157,0,0,0,0,0,1,0,1,2,0,0,0,1,1,2,0,0,0,0,0,0,2,1,0,1,0,1,0
JR40,torrent de Saxel,SM,321,50,0,148,0,0,20,0,16,0,0,0,2,0,0,41,0,3,18,0,2,6,0,1,0,0,0,0,0,0,7,0,0,0,3,0,0,0,2,0,2,0,0,0,0,0,0,0,0,0,0,0,0,16,2,0,111,0,0,0,0,0,1,0,3,2,1,0,0,1,0,1,0,1,0,0,0,2,4,0,0,0,0,0,7
JR41,torrent de Saxel,SM,325,10,0,237,0,0,4,3,17,0,0,0,1,0,0,35,0,1,5,0,0,0,0,0,0,0,0,0,0,0,7,0,0,0,0,0,0,0,2,0,2,1,0,0,0,0,0,0,0,0,0,0,0,6,2,1,165,0,0,0,0,0,0,2,1,2,0,0,0,2,8,4,2,1,1,0,0,0,4,0,0,0,0,0,5
JR42,torrent de Saxel,SM,313,3,1,229,0,0,9,0,23,0,0,0,5,0,0,21,0,1,6,0,0,0,0,0,0,0,0,0,0,0,9,1,0,0,4,0,0,0,0,0,0,0,0,0,0,0,0,1,0,0,0,0,0,8,0,1,96,0,0,0,0,0,0,1,0,1,0,0,0,2,4,2,0,3,0,0,0,0,6,0,0,0,0,0,2
JR43,Supersaxel,SM,293,9,0,160,0,0,3,0,40,2,0,0,1,0,0,40,0,1,1,0,0,0,0,0,0,0,0,0,0,0,35,0,0,0,1,0,0,0,0,0,0,0,0,0,0,0,0,0,0,0,0,0,0,3,0,0,162,0,0,0,0,0,0,0,4,4,0,0,0,4,6,41,0,14,2,8,0,2,24,1,0,1,0,14,2
JR44,torrent de Saxel,SM,0,,,,,,,,,,,,,,,,,,,,,,,,,,,,,,,,,,,,,,,,,,,,,,,,,,,,,,,,,,,0,0,,,,,,,,,,,,,,,,,,,,,,,,
JR45,carrière inférieure de Saxel,VS,304,39,2,98,0,0,28,0,34,0,0,0,17,0,3,19,0,3,24,0,0,1,0,0,0,0,3,0,0,0,19,1,0,0,3,0,1,0,7,0,2,0,0,0,0,0,0,0,0,0,0,0,0,25,2,2,125,0,0,0,0,0,0,0,1,2,4,0,0,4,0,9,0,1,0,12,0,1,2,0,0,0,0,0,0
JR46,torrent de Saxel,SM,0,,,,,,,,,,,,,,,,,,,,,,,,,,,,,,,,,,,,,,,,,,,,,,,,,,,,,,,,,,,0,0,,,,,,,,,,,,,,,,,,,,,,,,
JR47,la Salle 1,VC,261,39,3,46,0,0,22,57,33,8,0,0,25,0,0,1,0,4,1,0,0,4,1,5,0,0,0,0,0,0,1,0,0,0,0,0,0,5,3,0,2,0,0,0,1,0,0,0,0,0,0,0,0,13,2,4,0,0,0,0,0,0,0,0,0,1,0,0,3,0,1,0,0,0,0,0,0,0,0,0,0,0,0,0,13
JR48,route des Monastères,VS,310,9,1,125,0,0,32,0,38,7,0,0,28,1,0,26,0,0,12,2,0,2,0,0,0,0,0,0,0,0,15,0,0,0,8,0,0,1,3,0,0,0,0,0,0,1,0,0,0,0,0,0,0,20,0,1,162,0,0,0,0,0,0,0,0,2,2,0,1,5,2,0,0,5,0,0,0,3,26,0,0,0,0,1,2
JR49,Conglomérat du Signal,VS,0,,,,,,,,,,,,,,,,,,,,,,,,,,,,,,,,,,,,,,,,,,,,,,,,,,,,,,,,,,,,,,,,,,,,,,,,,,,,,,,,,,,,
JR50,Conglomérat du Signal,VS,0,,,,,,,,,,,,,,,,,,,,,,,,,,,,,,,,,,,,,,,,,,,,,,,,,,,,,,,,,,,,,,,,,,,,,,,,,,,,,,,,,,,,
JR51,Crête des Voirons 1,VS,318,36,3,171,0,0,18,0,7,24,0,0,11,0,0,5,0,1,10,0,0,1,0,1,0,0,0,0,0,0,26,0,0,0,3,0,0,0,1,0,0,0,0,0,0,1,0,0,0,0,0,0,0,26,0,3,283,0,0,0,0,0,0,0,1,2,1,0,0,1,1,1,0,3,0,0,0,1,6,0,0,1,0,0,4
JR52,pointe de Brantaz,VS,0,,,,,,,,,,,,,,,,,,,,,,,,,,,,,,,,,,,,,,,,,,,,,,,,,,,,,,,,,,,,,,,,,,,,,,,,,,,,,,,,,,,,
JR53,torrent de Saxel,SM,325,28,1,158,1,0,34,16,9,0,0,0,19,0,0,9,0,3,9,0,0,6,0,5,0,0,0,0,0,0,14,0,0,0,3,0,1,0,2,0,6,0,0,0,0,0,0,0,0,1,0,0,0,20,6,2,113,0,0,0,0,1,0,0,4,4,0,0,1,1,0,0,0,0,0,0,0,0,3,0,0,0,0,1,4
JR54,torrent de Saxel,SM,335,30,3,171,1,0,25,2,1,16,0,0,3,6,0,44,0,1,13,0,0,3,1,0,0,0,0,0,0,0,11,0,0,0,0,0,0,0,1,0,3,0,0,0,0,2,0,0,0,0,0,0,0,12,3,3,98,0,0,0,1,0,0,0,7,2,4,1,0,0,2,1,0,0,0,1,0,2,1,0,0,0,0,0,23
JR55,torrent de Saxel,SM,304,0,0,138,0,0,0,16,41,1,0,0,0,0,0,106,0,0,0,0,0,1,0,0,0,0,0,0,0,0,1,0,0,0,0,0,0,0,0,0,0,0,0,0,0,0,0,0,0,0,0,0,0,0,0,0,163,0,0,0,0,0,0,1,8,0,0,0,0,5,4,1,0,0,0,0,0,0,0,0,0,0,0,0,9
JR56,torrent de Saxel,SM,0,,,,,,,,,,,,,,,,,,,,,,,,,,,,,,,,,,,,,,,,,,,,,,,,,,,,,,,,,,,,,,,,,,,,,,,,,,,,,,,,,,,,
JR57,torrent de Saxel,SM,313,2,0,165,0,0,14,14,0,32,0,0,4,0,0,50,0,0,12,0,0,8,0,0,0,0,0,0,0,0,10,0,0,0,2,0,0,0,0,0,0,0,0,0,0,0,0,0,0,0,0,0,0,13,0,0,109,0,0,0,0,0,0,0,9,14,0,0,0,0,1,0,0,0,0,0,0,0,0,0,0,0,0,0,0
JR58,Saxel Eglise,VC,324,45,2,31,2,0,54,1,2,47,0,0,3,0,0,58,0,8,46,0,10,1,0,0,0,0,0,0,0,0,0,0,0,0,2,0,1,1,2,0,7,0,1,0,0,1,0,0,0,0,0,0,0,32,7,2,0,0,0,0,0,0,0,0,1,0,2,0,0,0,0,0,0,0,0,0,0,0,0,0,0,0,0,0,24
JR59,la Salle 2,VC,294,37,1,25,3,0,42,27,1,40,0,0,20,0,0,42,1,4,22,0,10,5,0,3,0,0,0,0,0,0,0,0,0,0,4,0,0,0,1,0,4,0,0,0,0,0,2,0,0,0,0,0,0,20,4,5,0,0,0,0,0,0,0,0,1,1,0,0,0,0,0,0,0,0,0,0,0,0,0,0,0,0,0,0,16
JR60,D20 - Bovet/Rollin,SM,316,6,0,172,0,0,6,56,9,6,0,0,7,0,0,35,0,1,1,0,0,3,0,0,0,0,0,0,0,0,11,0,0,0,2,0,0,0,1,0,0,0,0,0,0,0,0,0,0,0,0,0,0,7,0,0,206,0,0,0,0,0,0,1,0,3,0,0,1,2,17,5,0,1,0,0,0,0,6,0,0,1,0,1,12
JR61,D20 - Bovet/Rollin,SM,263,3,1,213,0,0,1,15,0,1,0,0,0,0,0,15,0,0,1,0,0,7,0,0,0,0,0,0,0,0,5,0,0,0,0,0,0,0,0,0,0,0,0,0,0,1,0,0,0,1,0,0,0,1,0,3,182,0,0,0,0,0,1,4,0,0,0,0,0,3,8,3,0,8,0,0,0,0,5,1,0,0,0,2,1
JR62,D20 - Bovet/Rollin,SM,313,7,0,224,0,0,7,5,9,18,0,0,5,0,0,16,0,0,3,0,0,3,0,0,0,0,0,0,0,0,14,0,0,0,2,0,0,0,0,0,0,0,0,0,0,0,0,0,0,0,0,0,0,7,0,0,137,0,0,0,0,0,0,0,1,0,0,0,0,1,1,5,0,2,0,0,0,0,5,0,0,0,0,0,4
JR63,torrent Chez le Merizier,SM,303,11,0,199,1,0,8,1,11,20,0,0,6,0,0,30,0,1,3,0,0,0,0,0,0,0,0,0,0,0,10,0,0,0,1,0,0,0,0,0,1,0,0,0,0,0,0,0,0,0,0,0,0,8,1,0,151,0,0,0,0,0,0,0,0,1,1,0,0,3,5,4,0,6,0,1,0,1,8,1,0,0,0,1,6
JR64,ruisseau du Rafort,VC,326,11,2,12,2,0,118,2,5,16,0,1,25,0,0,43,0,4,65,0,8,2,0,0,0,0,0,0,0,0,1,0,0,0,2,0,1,1,0,0,4,0,1,0,0,0,0,0,0,0,0,0,0,40,2,3,65,0,0,0,0,0,0,1,0,0,4,0,0,0,0,0,0,2,0,0,0,0,2,0,0,0,0,0,3
JR65,torrent de Saxel,SM,304,6,0,182,0,0,1,3,15,30,0,0,1,0,0,32,0,0,0,0,0,2,0,0,0,0,0,0,0,0,25,0,0,0,5,0,0,0,2,0,0,0,0,0,0,0,0,0,0,0,0,0,0,3,0,0,195,0,0,0,0,0,0,2,0,4,0,0,0,4,3,22,0,4,0,1,0,0,11,0,0,0,0,4,0
JR66,torrent de Saxel,SM,324,10,2,171,0,0,15,6,22,16,0,0,5,0,0,42,0,1,14,0,0,1,0,0,0,0,0,0,0,0,16,0,0,0,2,0,0,0,0,0,1,0,0,0,0,0,0,0,0,0,0,0,0,14,1,0,172,0,0,0,0,0,0,0,2,4,0,0,1,1,2,12,0,4,0,0,0,0,8,1,0,0,0,1,3
JR67,torrent de Saxel,SM,310,6,0,152,0,0,2,8,4,30,0,0,0,0,0,89,0,0,2,0,0,0,0,0,0,0,0,0,0,0,14,0,0,0,1,0,0,0,0,0,2,0,0,0,0,0,0,0,0,0,0,0,0,1,2,0,206,0,0,0,0,0,0,0,0,8,0,0,1,0,10,19,0,4,0,0,0,0,13,0,0,0,0,4,10
JR68,torrent de Saxel,SM,317,16,0,131,0,0,10,14,44,8,0,0,6,0,0,48,0,2,7,0,0,1,0,0,0,0,0,0,0,0,27,0,0,0,1,0,0,0,1,0,0,0,0,0,0,0,0,0,0,1,1,0,0,10,0,2,108,0,0,0,0,0,1,0,1,0,0,0,1,1,5,9,0,2,0,0,0,1,12,1,0,0,0,5,0
JR69,torrent de Saxel,SM,314,15,0,198,1,0,3,6,18,20,0,0,2,0,0,29,0,1,3,0,0,2,0,0,0,0,0,0,0,0,11,0,0,0,3,0,0,0,0,0,2,0,0,0,0,0,0,0,0,0,0,0,0,3,2,0,145,0,3,0,0,0,0,0,2,6,0,0,1,6,5,3,0,1,0,0,0,1,6,0,0,0,0,0,7
JR70,torrent de Saxel,SM,311,5,0,187,0,0,6,2,7,40,0,0,4,0,0,30,0,3,4,0,0,0,0,0,0,0,0,0,0,0,17,0,0,0,2,0,0,0,1,0,1,0,0,0,0,0,0,0,0,2,0,0,0,5,1,2,162,0,0,0,0,0,0,1,2,6,0,0,0,7,8,8,0,5,0,0,0,1,7,0,0,0,0,0,0
JR71,torrent de Saxel,SM,311,7,0,220,0,0,9,2,9,22,0,0,2,0,0,32,0,0,4,0,0,0,0,0,0,0,0,0,0,0,4,0,0,0,0,0,0,0,0,0,0,0,0,0,0,0,0,0,0,0,0,0,0,6,0,0,141,0,0,0,0,0,0,0,0,1,0,0,1,0,0,0,0,0,0,0,0,0,2,0,0,0,0,0,0
JR72,torrent de Saxel,SM,305,5,0,193,0,0,3,4,35,0,0,0,6,0,0,56,0,1,0,0,0,0,0,0,0,0,0,0,0,0,0,0,0,0,2,0,0,0,0,0,0,0,0,0,0,0,0,0,0,0,0,0,0,3,0,0,161,0,0,0,0,0,0,1,5,0,0,0,2,2,0,5,0,3,0,0,0,0,5,0,0,0,0,1,1
JR73,torrent de Saxel,SM,337,4,0,244,0,0,4,0,2,5,0,0,1,0,0,45,0,0,10,0,0,0,0,0,0,0,0,0,0,0,20,0,0,0,1,0,1,0,0,0,0,0,0,0,0,0,0,0,0,0,0,0,0,5,1,0,122,0,0,0,0,0,1,0,1,2,1,0,0,1,0,1,0,0,0,0,0,1,5,0,0,0,0,0,2
JR74,torrent de Saxel,SM,334,12,0,188,1,0,8,2,9,13,0,0,4,0,0,68,1,0,8,0,0,0,0,0,0,0,0,0,0,0,14,0,0,0,4,0,1,0,0,0,1,0,0,0,0,0,0,0,0,0,0,0,0,6,1,0,155,0,0,0,0,0,0,0,3,1,0,0,0,5,1,2,1,1,0,0,0,1,7,0,0,0,0,1,4
JR75,route de Supersaxel,SM,311,13,0,219,0,0,3,17,0,8,0,0,2,0,0,39,0,0,2,0,0,0,0,0,0,0,0,0,0,0,7,0,0,0,1,0,0,0,0,0,0,0,0,0,0,0,0,0,0,0,0,0,0,3,0,0,151,0,0,1,0,0,0,0,0,1,0,0,0,2,3,4,0,2,1,0,0,0,6,0,0,0,0,0,0
JR76,route de Supersaxel,SM,312,15,0,209,0,0,17,0,3,13,0,0,1,0,0,29,0,0,17,0,0,0,0,0,0,0,0,0,0,0,4,0,0,0,1,0,1,0,1,0,0,0,0,0,0,0,1,0,0,0,0,0,0,13,0,3,74,0,0,0,0,0,0,0,1,1,0,0,0,0,1,4,0,2,0,0,0,0,2,0,0,0,0,0,0
JR77b,torrent de Supersaxel,SM,307,1,0,208,0,0,0,6,9,31,0,0,0,0,0,46,0,0,0,0,0,0,0,0,0,0,0,0,0,0,3,0,0,0,3,0,0,0,0,0,0,0,0,0,0,0,0,0,0,0,0,0,0,0,0,0,171,0,0,0,0,0,0,0,4,2,0,0,0,6,2,12,0,5,0,0,0,1,5,0,0,0,0,4,4
JR78,torrent de Supersaxel,SM,318,3,0,177,0,0,5,0,35,17,0,0,0,0,0,68,0,0,4,0,0,0,0,0,0,0,0,0,0,0,8,0,0,0,1,0,0,0,0,0,0,0,0,0,0,0,0,0,0,0,0,0,0,3,0,0,140,0,0,0,0,0,0,0,1,2,0,0,0,3,6,9,0,8,0,1,0,0,4,0,0,0,0,4,2
JR79,torrent de Supersaxel,SM,324,5,0,258,0,0,1,0,15,2,0,0,0,0,0,30,0,0,1,0,0,0,0,0,0,0,0,0,0,0,9,0,0,0,0,0,1,0,0,0,1,0,0,0,0,0,0,0,1,0,0,0,0,1,1,1,141,0,0,0,0,0,0,3,1,2,0,0,0,1,6,15,0,8,0,0,0,0,14,0,0,0,0,2,1
JR80,la Parire,VC,374,41,7,50,0,1,46,1,0,45,0,0,4,2,0,89,0,4,61,4,0,1,0,1,0,0,0,0,0,0,0,0,0,0,1,0,2,2,3,0,2,0,0,0,0,3,7,0,0,0,0,0,0,40,2,14,0,0,0,0,0,0,0,0,2,1,3,0,0,0,0,0,0,0,0,0,0,0,0,0,0,0,0,0,18
JR81,D20 - 820,VS,0,,,,,,,,,,,,,,,,,,,,,,,,,,,,,,,,,,,,,,,,,,,,,,,,,,,,,,,,,,,,,,,,,,,,,,,,,,,,,,,,,,,,
JR82,D20 - 820,VS,0,,,,,,,,,,,,,,,,,,,,,,,,,,,,,,,,,,,,,,,,,,,,,,,,,,,,,,,,,,,,,,,,,,,,,,,,,,,,,,,,,,,,
JR83,D20 - 820,VS,0,,,,,,,,,,,,,,,,,,,,,,,,,,,,,,,,,,,,,,,,,,,,,,,,,,,,,,,,,,,,,,,,,,,,,,,,,,,,,,,,,,,,
JR84,route des Monastères,VS,319,16,1,104,1,0,24,11,0,48,0,0,14,0,0,55,0,1,17,1,0,0,0,0,0,0,0,0,0,0,10,0,0,0,2,0,0,0,5,0,9,0,0,0,0,1,0,0,0,0,0,0,0,25,9,1,126,0,0,0,0,0,0,0,4,0,3,0,0,2,0,2,0,7,1,0,0,2,9,0,0,0,0,0,9
JR85,route des Monastères,VS,301,9,0,128,0,0,19,6,1,49,0,0,2,0,0,54,0,0,15,0,0,0,0,0,0,0,0,0,0,0,5,0,0,0,6,0,1,1,3,0,2,0,0,0,0,0,0,0,0,0,0,0,0,19,2,1,117,0,0,0,0,0,0,1,7,3,2,0,0,5,0,4,0,0,1,0,0,0,6,2,0,0,0,1,10
JR86,route des Monastères,VS,329,15,9,44,3,0,44,2,1,54,0,0,12,0,0,43,0,0,36,3,39,1,0,0,0,0,0,0,0,0,0,0,0,0,1,0,0,2,6,0,12,1,0,0,0,3,1,0,0,0,0,0,0,34,11,10,114,0,0,0,0,0,0,1,1,1,4,0,1,3,2,2,0,3,1,0,0,3,18,0,0,0,0,0,0
JR87,route des Monastères,VS,326,0,0,184,0,0,6,12,1,1,0,0,0,0,0,86,0,0,8,0,0,1,0,0,0,0,0,0,0,0,25,0,0,0,2,0,0,0,0,0,0,0,0,0,0,0,0,0,0,0,0,0,0,5,0,0,255,0,0,0,0,0,0,0,4,2,0,0,0,9,1,19,0,0,0,0,0,0,26,0,0,3,0,0,25
JR88,Conglomérat du Signal,VS,303,26,0,140,0,0,12,0,0,47,0,0,2,0,0,46,0,0,9,0,3,0,0,0,0,0,0,0,0,0,0,0,0,0,5,0,6,2,1,0,4,0,0,0,0,0,0,0,0,0,0,0,0,11,4,0,0,0,0,0,0,0,0,0,2,2,0,0,0,5,0,0,0,0,0,0,0,0,0,0,0,0,0,0,59
JR89,route des Monastères,VS,304,29,2,165,0,0,10,1,0,15,0,0,2,0,0,64,0,0,10,0,0,0,0,0,0,0,0,0,0,0,0,0,0,0,4,0,1,0,0,0,1,0,0,0,0,0,0,0,0,0,0,0,0,9,1,2,1,1,0,0,0,0,0,1,3,2,0,0,0,3,0,1,0,0,0,0,0,0,0,0,0,0,0,0,55
JR90,le Planet,VS,314,49,1,185,1,0,13,1,2,30,0,0,4,0,1,9,1,0,8,0,0,0,0,0,0,0,0,0,0,0,0,0,0,0,1,0,0,0,1,1,6,0,0,0,0,0,0,0,0,0,0,0,0,12,7,0,0,0,0,0,0,0,0,0,0,1,6,0,0,1,0,0,0,0,0,0,0,0,0,0,0,0,0,0,58
JR91,le Planet,VS,308,34,1,212,0,0,5,0,0,33,0,0,5,0,0,6,0,0,2,0,0,1,0,0,0,0,0,0,0,0,5,0,0,0,0,0,0,0,4,0,0,0,0,0,0,0,0,0,0,0,0,0,0,7,0,1,30,0,0,0,0,0,0,0,0,0,0,0,0,0,0,0,0,0,0,0,0,0,1,0,0,0,0,0,69
JR92,le Planet,VS,305,12,2,210,0,0,7,2,0,28,0,0,1,0,0,28,0,0,6,0,0,2,1,0,0,0,0,0,0,0,0,0,0,0,4,0,0,0,0,0,2,0,0,0,0,0,0,0,0,0,0,0,0,6,2,1,0,0,0,0,0,0,0,0,0,1,0,0,0,2,0,0,0,0,0,0,0,0,0,0,0,0,0,0,86
JR93,torrent de Curseilles,VS,0,,,,,,,,,,,,,,,,,,,,,,,,,,,,,,,,,,,,,,,,,,,,,,,,,,,,,,,,,,,,,,,,,,,,,,,,,,,,,,,,,,,,
JR94,torrent de Curseilles,VS,283,51,7,18,1,0,45,1,9,45,0,0,0,0,0,39,0,1,45,11,0,0,0,0,0,0,0,0,0,0,0,0,0,0,3,0,0,0,0,0,4,0,1,2,0,0,0,0,0,0,0,0,0,21,4,10,7,0,0,0,0,0,0,0,2,0,0,0,1,0,1,0,0,0,0,1,0,0,1,0,0,0,0,0,3
JR95,torrent de Curseilles,VS,307,38,3,47,0,0,29,53,1,28,0,0,22,3,0,40,0,3,20,2,5,1,1,0,0,0,0,0,0,0,0,0,0,0,6,0,1,0,1,0,2,0,1,0,0,2,0,0,0,0,0,0,0,18,2,5,39,0,0,0,0,0,0,0,0,1,0,0,0,1,0,0,0,0,0,0,0,0,2,0,0,0,0,0,12
JR96,torrent de Curseilles,VS,278,35,4,49,0,2,28,18,1,45,0,0,21,2,0,39,0,0,19,1,1,1,0,0,0,0,0,0,0,0,0,0,0,0,2,0,2,0,5,0,1,0,2,0,0,3,0,0,0,0,0,0,0,25,1,6,65,0,0,0,0,0,0,0,1,0,0,0,0,0,0,0,0,0,0,0,0,0,1,0,0,0,0,0,26
JR97,torrent de Curseilles,VS,312,23,0,135,1,0,19,41,2,7,0,0,16,0,0,34,0,3,10,0,0,2,0,0,0,0,0,0,0,0,9,0,0,0,3,0,0,0,1,0,6,0,0,0,0,0,0,0,0,0,0,0,0,18,6,0,146,0,0,0,0,0,0,0,1,1,1,0,0,5,2,2,0,0,0,0,0,1,11,0,0,0,0,1,6
JR98,torrent de Curseilles,VS,309,21,1,81,0,0,21,18,2,41,0,0,20,2,0,67,1,1,10,0,1,0,0,0,0,0,0,0,0,0,1,0,0,0,5,0,0,0,2,0,14,0,0,0,0,1,0,0,0,0,0,0,0,14,13,0,116,0,0,0,0,0,0,0,4,1,1,0,0,3,3,0,0,0,0,0,0,0,0,0,0,0,0,0,1
JR99,torrent de Curseilles,VS,305,54,11,47,0,0,33,17,0,38,2,0,22,4,0,34,0,2,20,1,0,0,0,0,0,0,0,0,0,0,0,0,0,0,7,0,5,0,4,0,1,2,0,0,0,3,1,0,0,0,0,0,0,27,1,15,24,0,0,0,0,0,0,0,0,1,0,0,0,0,2,0,0,0,0,0,0,0,0,0,0,0,0,0,31
JR100,torrent de Curseilles,VS,303,41,9,55,0,0,22,58,0,20,0,0,11,1,0,52,0,4,11,4,1,1,0,0,0,0,0,0,0,0,0,0,0,0,4,0,0,0,0,0,8,1,0,0,0,4,0,0,0,0,0,0,0,17,8,10,29,0,0,0,0,0,0,0,0,0,5,0,1,0,1,0,0,0,0,0,0,0,0,0,0,0,0,0,34
JR101,torrent de Curseilles,VS,325,17,4,115,0,0,28,1,0,64,0,0,8,0,0,50,0,0,17,0,0,0,0,0,0,0,0,0,0,0,3,0,0,1,4,0,2,2,1,0,6,1,0,0,0,0,0,1,0,0,0,0,0,17,6,6,88,0,0,0,0,0,0,0,3,1,1,0,0,1,1,0,0,0,0,0,0,0,1,0,0,0,0,0,3
JR102,Signal des Voirons ,VS,276,35,1,103,1,0,26,0,0,43,0,0,17,0,0,11,0,2,17,0,0,0,0,0,0,0,1,1,0,0,7,0,0,0,3,0,0,0,6,0,2,0,0,0,0,0,0,0,0,0,0,0,0,28,2,1,183,0,0,0,0,0,0,0,1,0,5,2,0,1,0,0,0,14,3,0,0,0,4,0,0,0,0,0,13
JR103,Signal des Voirons ,VS,0,,,,,,,,,,,,,,,,,,,,,,,,,,,,,,,,,,,,,,,,,,,,,,,,,,,,,,,,,,,,,,,,,,,,,,,,,,,,,,,,,,,,
JR104,Signal des Voirons ,VS,0,,,,,,,,,,,,,,,,,,,,,,,,,,,,,,,,,,,,,,,,,,,,,,,,,,,,,,,,,,,,,,,,,,,,,,,,,,,,,,,,,,,,
JR105,Crête des Voirons (Signal-Brantaz),VS,219,30,2,62,0,1,23,4,1,29,0,0,7,0,0,15,0,0,21,2,0,0,0,0,0,0,0,2,0,0,6,3,0,0,6,0,0,0,2,0,1,0,1,0,0,0,0,1,0,0,0,0,0,20,1,5,127,0,0,0,0,0,0,0,0,0,3,3,0,1,1,0,0,6,0,0,0,1,0,0,0,0,0,1,6
JR106,Pralère,VS,232,35,4,80,0,0,23,24,0,22,0,1,18,0,0,18,0,1,0,0,0,0,1,0,0,0,0,0,0,0,0,0,0,0,0,0,1,0,0,0,2,0,1,0,0,0,0,0,0,0,0,1,0,16,2,5,0,0,0,0,0,0,0,0,0,1,2,0,0,5,1,0,1,0,0,0,0,0,0,0,0,0,0,0,7
JR107,la Roche aux Corbeaux,VS,320,39,4,87,2,1,37,0,0,39,0,0,12,1,0,50,0,2,31,3,1,0,0,0,0,0,0,0,0,0,0,0,0,0,4,0,1,0,2,0,4,0,0,0,0,3,0,0,0,0,0,0,0,26,4,5,0,0,0,0,0,0,0,0,4,0,7,0,1,0,1,0,0,0,0,0,0,0,0,0,0,0,0,0,27
JR108,torrent de Curseilles,VS,286,29,17,44,4,0,38,11,0,33,1,0,28,1,2,27,0,0,21,3,2,0,0,1,0,0,1,0,0,0,5,1,0,0,4,0,0,0,5,0,6,0,0,0,0,5,2,0,0,0,0,0,0,35,6,21,0,0,1,0,0,0,0,0,2,0,7,2,0,0,1,0,0,0,0,0,0,0,7,0,0,0,0,0,4
JR109,torrent de Curseilles,VS,318,23,1,97,1,0,10,46,5,25,0,1,4,0,1,65,0,4,9,0,2,0,0,0,0,0,0,0,0,0,3,0,0,0,6,0,0,0,2,0,11,1,1,0,0,0,0,0,0,0,0,0,0,11,11,3,56,0,0,0,0,0,0,1,0,1,0,0,0,5,6,0,0,0,0,0,0,0,0,0,0,0,0,0,4
JR110,torrent de Curseilles,VS,303,32,10,45,1,0,39,3,0,59,0,0,25,7,1,35,1,0,27,5,2,0,0,0,0,0,0,0,0,0,2,0,0,0,0,0,1,0,3,0,3,1,1,0,0,0,0,0,0,0,0,0,0,31,3,17,32,0,0,0,0,0,0,0,0,0,2,0,1,0,2,0,1,0,0,1,0,0,4,0,0,0,0,0,3
JR111,torrent de Curseilles,VS,329,17,1,181,0,0,10,0,4,47,0,0,5,0,0,28,0,0,7,0,0,2,0,0,0,0,0,0,0,0,27,0,0,0,0,0,0,0,0,0,0,0,0,0,0,0,0,0,0,0,0,0,0,10,0,1,216,0,0,0,0,0,1,0,2,3,0,0,0,22,2,1,1,0,1,0,0,0,26,0,0,0,0,0,0
JR112,torrent de Curseilles,VS,308,4,0,183,0,0,13,1,1,30,0,0,1,0,0,56,0,0,9,0,0,2,0,0,0,0,0,0,0,0,5,0,0,0,0,0,0,0,1,0,0,1,1,0,0,0,0,0,0,0,0,0,0,10,0,2,237,0,0,0,0,0,0,1,6,1,0,0,0,30,11,14,0,0,0,0,0,1,37,0,0,0,0,1,0
JR113,torrent de Curseilles,VS,307,24,4,100,0,0,18,15,14,56,0,0,11,2,0,48,0,1,6,0,0,2,0,0,0,0,0,0,0,0,1,0,0,0,3,0,0,0,2,0,0,0,0,0,0,1,0,0,0,0,0,0,0,20,0,4,140,0,0,0,0,0,0,0,4,2,0,0,0,5,18,6,0,0,0,1,0,0,6,0,0,0,0,0,2
JR114,torrent de Curseilles,VS,300,37,0,139,0,0,5,16,2,43,0,0,3,0,0,18,0,0,2,0,0,23,2,1,0,0,0,0,0,0,0,0,0,0,5,0,0,0,3,0,1,0,0,0,0,0,0,0,0,0,0,0,0,8,1,0,18,0,0,0,0,0,0,0,2,1,0,0,0,7,3,0,0,0,0,0,0,0,0,0,0,0,0,0,15
JR115,torrent de Curseilles,VS,315,17,1,125,0,0,24,9,1,40,0,0,16,0,0,46,0,0,15,0,1,2,1,0,0,0,0,0,0,0,5,0,0,0,0,0,0,0,2,0,8,1,1,0,0,0,0,0,0,0,0,0,0,22,8,3,166,0,0,0,0,0,0,0,5,0,1,1,0,10,5,0,0,0,0,0,0,0,16,0,0,0,0,1,2
JR116,torrent de Curseilles,VS,342,40,16,64,1,2,45,61,1,4,1,1,20,3,0,34,0,2,24,5,0,0,0,0,0,0,0,0,0,0,0,2,0,0,4,0,0,1,5,0,3,1,0,0,0,3,2,0,0,0,0,0,0,37,3,17,113,0,0,0,0,0,0,0,2,0,2,0,0,0,6,0,0,0,0,0,0,4,5,0,0,0,0,0,6
JR117,torrent de Curseilles,VS,0,,,,,,,,,,,,,,,,,,,,,,,,,,,,,,,,,,,,,,,,,,,,,,,,,,,,,,,,,,,,,,,,,,,,,,,,,,,,,,,,,,,,
JR118,torrent de Curseilles,VS,0,,,,,,,,,,,,,,,,,,,,,,,,,,,,,,,,,,,,,,,,,,,,,,,,,,,,,,,,,,,,,,,,,,,,,,,,,,,,,,,,,,,,
JR119,torrent de Curseilles,VS,172,10,7,34,0,0,23,3,0,16,0,0,15,4,0,22,0,2,19,3,2,0,0,0,0,0,0,0,0,0,2,0,0,3,1,0,0,0,5,0,1,0,0,0,0,5,0,0,0,0,0,0,0,21,1,7,48,0,0,0,0,0,0,0,0,0,0,0,0,0,3,0,0,0,0,0,0,0,0,0,0,0,0,0,4
JR120,torrent de Curseilles,VS,309,15,1,105,0,0,19,1,0,63,0,0,8,0,1,71,0,1,11,0,0,0,0,0,0,0,0,0,0,0,1,0,0,0,5,0,0,0,2,0,5,0,0,0,0,0,0,0,0,0,0,0,0,16,5,2,124,0,0,0,0,0,0,1,0,1,1,0,0,2,14,0,0,0,0,0,0,0,1,0,0,0,0,0,0
JR121,torrent de Curseilles,VS,313,2,0,204,0,0,4,0,0,0,0,0,0,0,0,93,0,0,5,0,0,0,0,0,0,0,0,0,0,0,5,0,0,0,0,0,0,0,0,0,0,0,0,0,0,0,0,0,0,0,0,0,0,4,0,0,156,0,0,0,0,0,0,0,5,2,0,0,0,12,23,13,0,0,0,0,0,0,9,0,0,0,0,1,0
JR122,torrent de Curseilles,VS,323,15,3,102,0,0,30,64,0,0,0,0,15,0,0,56,0,1,17,2,0,0,0,0,0,0,0,0,0,0,11,0,0,0,0,0,0,1,2,0,4,0,0,0,0,2,0,0,0,0,0,0,0,29,4,3,115,0,0,0,0,0,0,0,2,3,2,0,0,0,5,0,0,2,0,0,0,0,1,0,0,0,0,0,0
JR123,torrent de Curseilles,VS,309,5,1,156,0,0,17,7,2,41,0,0,10,0,0,56,0,0,7,0,0,0,0,0,0,0,0,0,0,0,0,0,0,0,2,0,0,0,1,0,4,0,0,0,0,0,0,0,0,0,0,0,0,17,4,1,83,0,0,0,0,0,0,0,1,2,3,0,0,5,5,1,0,0,0,0,0,0,1,0,0,0,0,0,4
JR124,torrent de Curseilles,VS,317,30,6,79,2,0,15,8,2,63,0,1,7,3,3,55,0,6,17,1,0,0,0,0,0,0,0,0,0,0,4,0,0,1,3,0,0,0,2,0,7,0,0,0,1,3,1,0,0,0,0,0,0,15,7,9,65,0,0,0,0,0,0,0,8,1,1,0,0,1,2,0,0,0,0,1,0,0,1,0,0,0,0,0,7
JR125,torrent de Curseilles,VS,316,23,10,47,1,0,39,42,5,10,3,0,36,2,0,50,0,0,25,7,3,0,0,0,0,0,0,0,0,0,3,0,0,1,0,0,0,0,1,0,7,0,0,0,0,6,1,0,0,0,0,0,0,26,7,10,83,0,0,0,0,0,0,0,1,0,2,1,1,2,3,0,0,0,0,0,0,0,1,0,0,0,0,0,4
JR126,torrent de Curseilles,VS,314,36,7,59,1,0,28,19,2,51,0,0,29,1,0,47,0,5,6,0,0,1,0,0,0,0,0,0,0,0,0,0,0,0,2,0,0,0,1,0,19,0,0,0,0,1,0,0,0,0,0,0,0,24,18,7,59,0,0,0,0,0,0,0,4,1,1,2,0,1,0,0,0,0,0,0,0,0,0,0,0,0,0,0,9
JR127,torrent de Curseilles,VS,0,,,,,,,,,,,,,,,,,,,,,,,,,,,,,,,,,,,,,,,,,,,,,,,,,,,,,,,,,,,,,,,,,,,,,,,,,,,,,,,,,,,,
JR128,torrent de Curseilles,VS,0,,,,,,,,,,,,,,,,,,,,,,,,,,,,,,,,,,,,,,,,,,,,,,,,,,,,,,,,,,,,,,,,,,,,,,,,,,,,,,,,,,,,
JR129,torrent de Curseilles,VS,312,12,1,146,0,0,32,18,1,23,1,0,19,0,0,26,0,4,15,0,0,6,0,0,0,0,0,0,0,0,1,0,0,0,1,0,0,0,0,0,6,0,0,0,0,0,0,0,0,0,0,0,0,26,6,1,143,0,1,0,0,0,1,0,0,0,3,0,0,17,4,0,0,1,0,0,0,0,6,0,0,0,0,0,0
JR130,torrent de Curseilles,VS,311,29,8,23,1,10,67,33,4,10,1,0,36,2,0,31,0,3,39,6,0,0,0,0,0,0,0,0,0,0,0,0,0,0,0,0,0,0,2,0,4,0,0,0,0,8,2,0,0,0,0,0,0,42,4,12,41,0,0,0,0,0,0,0,1,0,6,2,3,1,0,0,0,0,0,0,0,0,0,0,0,0,0,0,20
JR131,torrent de Curseilles,VS,315,37,6,37,0,1,32,25,0,61,0,0,21,0,0,61,0,2,21,2,0,0,0,0,0,0,0,0,0,0,0,0,0,0,0,0,1,1,1,0,2,0,2,0,1,1,1,0,0,0,0,0,0,32,2,9,0,0,0,0,0,0,0,0,2,0,0,1,0,0,0,0,0,0,0,0,0,0,0,0,0,0,0,0,29
JR132,torrent de Curseilles,VS,0,,,,,,,,,,,,,,,,,,,,,,,,,,,,,,,,,,,,,,,,,,,,,,,,,,,,,,,,,,,,,,,,,,,,,,,,,,,,,,,,,,,,
JR133,torrent de Curseilles,VS,0,,,,,,,,,,,,,,,,,,,,,,,,,,,,,,,,,,,,,,,,,,,,,,,,,,,,,,,,,,,,,,,,,,,,,,,,,,,,,,,,,,,,
JR134,torrent de Curseilles,VS,336,34,8,51,2,0,52,18,1,36,0,1,29,3,1,43,0,2,34,3,0,0,0,0,0,0,0,0,0,0,1,1,0,0,1,0,0,2,1,0,9,2,0,1,0,4,0,0,0,0,0,0,0,39,9,11,43,0,0,0,0,0,0,0,2,2,0,0,0,0,0,0,0,0,0,0,0,0,0,0,0,0,0,0,4
JR135,torrent de Curseilles,VS,0,,,,,,,,,,,,,,,,,,,,,,,,,,,,,,,,,,,,,,,,,,,,,,,,,,,,,,,,,,,,,,,,,,,,,,,,,,,,,,,,,,,,
JR136,Burdignin,wf,304,25,10,51,1,0,26,31,16,23,1,1,22,1,0,50,0,4,13,6,1,6,0,0,0,0,0,0,0,0,0,0,0,2,1,0,0,0,5,0,8,0,0,0,0,4,0,0,0,0,0,0,0,27,8,13,132,0,0,0,0,0,0,0,4,0,1,0,2,3,1,0,0,1,1,0,0,0,4,0,0,0,0,0,44
JR137,Burdignin,wf,0,,,,,,,,,,,,,,,,,,,,,,,,,,,,,,,,,,,,,,,,,,,,,,,,,,,,,,,,,,,,,,,,,,,,,,,,,,,,,,,,,,,,
JR138,Burdignin,wf,312,46,3,55,0,0,39,12,0,45,0,0,21,0,0,45,0,1,25,0,0,2,0,2,0,0,0,0,0,0,2,0,0,0,2,0,1,0,5,0,2,0,0,0,0,0,4,0,0,0,0,0,0,40,2,7,101,0,0,0,0,0,0,0,2,0,2,0,0,1,1,0,0,3,0,1,0,0,0,0,0,0,0,0,16
JR139,nant de la Combe Ecuer,wf,304,0,0,217,0,0,0,19,29,0,0,0,0,0,0,37,0,0,0,0,0,0,0,0,0,0,0,0,0,0,1,0,0,0,1,0,0,0,0,0,0,0,0,0,0,0,0,0,0,0,0,0,0,0,0,0,312,0,0,0,0,0,0,0,1,7,0,0,0,14,4,1,0,0,0,0,0,0,2,0,0,4,0,0,2
JR140,Granges Gaillard 1,VS,307,34,8,31,0,1,62,3,1,31,0,0,32,5,0,26,0,3,43,2,2,2,0,11,0,0,0,0,0,0,0,0,0,0,3,0,0,0,3,0,4,0,0,0,0,3,0,0,0,0,0,0,0,48,4,10,47,0,0,0,0,0,0,0,0,0,7,0,0,0,1,0,0,1,0,1,0,0,0,0,0,0,0,0,7
JR141,Granges Gaillard 1,VS,294,22,2,33,4,0,65,10,22,0,3,1,38,0,0,28,0,0,46,0,4,0,0,0,0,0,0,0,0,0,0,0,0,0,10,0,0,0,0,0,5,0,0,1,0,1,0,0,0,0,0,0,0,41,5,5,101,0,0,0,0,0,0,0,0,0,2,2,0,0,1,0,0,2,0,0,0,0,5,0,0,0,0,0,7
JR142,D50,VS,368,0,3,58,1,0,92,40,7,2,0,0,24,6,0,44,0,2,79,0,1,0,0,0,0,0,0,0,0,0,0,1,0,0,1,0,0,0,2,0,3,2,0,0,0,1,0,0,0,0,0,0,0,21,21,5,0,0,0,0,0,0,0,0,17,2,0,0,1,1,0,0,0,0,0,0,0,0,1,0,0,0,0,0,31
JR143,D50,VS,305,25,1,94,1,0,20,0,21,38,0,0,7,0,2,61,1,0,16,0,2,3,0,0,0,0,0,0,0,0,0,0,0,0,3,0,0,0,6,0,4,0,0,0,0,0,0,0,0,0,0,0,0,24,3,1,0,0,0,0,0,0,0,0,8,1,1,0,0,0,1,0,0,0,0,0,0,0,0,0,0,0,0,0,60
JR144,la Coterie,VS,332,51,0,204,0,0,1,1,20,7,0,0,1,0,0,22,0,0,2,0,0,0,0,0,0,0,0,1,0,0,19,0,0,0,2,0,0,0,1,0,0,0,0,0,0,0,0,0,0,0,0,0,0,2,0,0,137,0,0,0,0,0,0,0,0,0,0,0,0,5,1,1,0,1,1,0,0,0,10,2,0,0,0,0,15
JR145,Crête des Voirons 2,VS,332,15,4,231,0,0,6,28,1,0,0,0,5,0,0,10,0,0,2,0,0,2,0,0,0,0,0,0,0,0,18,0,0,0,4,2,0,0,2,0,2,0,0,0,0,0,0,0,0,0,0,0,0,4,2,4,314,0,0,0,1,0,0,0,2,0,0,0,0,6,0,3,0,1,0,1,0,6,12,10,0,1,0,0,1
JR146,Crête des Voirons 2,VS,305,19,7,214,0,0,7,19,2,0,0,0,0,0,0,5,0,0,1,0,0,0,0,0,0,0,3,1,0,0,12,1,0,0,14,0,0,0,0,0,0,0,0,0,0,0,0,0,0,0,0,0,0,1,0,1,202,0,0,0,0,0,0,0,0,8,0,0,0,7,1,0,0,2,0,0,0,0,5,5,0,0,0,0,28
JR147,Crête des Voirons 2,VS,320,28,3,196,0,0,20,19,12,5,0,0,1,0,0,8,0,1,8,0,0,0,0,0,0,0,0,0,0,0,13,0,2,0,2,2,0,0,0,0,0,0,0,0,0,0,0,0,0,0,0,0,0,6,0,0,178,0,1,0,0,0,0,0,1,1,0,0,0,8,3,1,0,3,0,0,1,0,3,5,0,0,0,0,14
JR148,Crête des Voirons 2,VS,282,6,1,194,5,0,3,29,2,4,0,0,3,0,0,10,0,0,2,0,0,0,0,0,0,0,1,0,0,0,16,0,0,0,5,0,0,0,1,0,0,0,0,0,0,0,0,0,0,0,0,0,0,4,1,1,265,0,0,0,0,0,0,2,0,0,0,0,0,2,0,1,0,3,0,0,0,2,3,8,0,0,0,0,2
JR149,Crête des Voirons 2,VS,304,38,0,175,0,0,3,39,5,1,0,0,4,0,0,5,0,0,1,0,2,0,1,0,0,0,3,3,0,0,12,1,0,0,8,0,0,0,2,0,1,0,0,0,0,0,0,0,0,0,0,0,0,5,1,0,192,0,0,1,0,0,0,0,0,1,0,0,0,1,0,1,1,14,1,0,0,0,1,0,0,0,0,0,37
JR150,Crête des Voirons 3,VS,259,5,0,145,0,0,3,42,4,0,0,0,4,0,0,11,0,2,2,0,0,0,1,0,0,0,0,0,0,0,34,0,0,0,3,0,0,0,2,0,1,0,0,0,0,0,0,0,0,0,0,0,0,2,1,0,287,1,0,0,0,0,0,0,1,0,0,0,0,8,0,3,1,3,0,0,0,2,12,4,0,0,0,0,2
JR151,Crête des Voirons 3,VS,314,16,1,192,0,0,2,14,21,0,0,0,1,0,0,36,0,0,1,0,0,0,0,0,0,0,0,0,0,0,29,0,0,0,1,0,0,0,0,0,0,0,0,0,0,0,0,0,0,0,0,0,0,2,0,0,167,0,0,0,0,0,0,0,0,0,0,0,0,0,0,0,0,1,0,0,0,0,2,3,0,0,0,0,3
JR152,Crête des Voirons 3,VS,188,1,0,100,0,0,0,25,0,0,0,0,0,0,0,4,0,0,0,0,0,0,0,0,0,0,0,0,0,0,56,0,0,0,2,0,0,0,0,0,0,0,0,0,0,0,0,0,0,0,0,0,0,0,0,0,292,0,0,0,0,0,0,0,2,2,0,0,0,12,0,5,1,45,0,1,0,2,59,0,0,2,0,0,1
JR153,Crête des Voirons 3,VS,327,5,0,228,0,0,5,39,1,1,0,0,4,0,0,16,0,0,4,0,0,0,0,0,0,0,2,0,0,0,16,0,0,0,3,2,0,0,0,0,0,0,0,0,0,0,0,0,0,1,0,0,0,1,0,1,112,0,0,0,0,0,0,1,1,1,0,0,0,3,1,0,0,5,0,1,0,0,4,1,0,0,0,0,9
JR154,Saut de la Pucelle,VS,285,0,0,164,0,0,2,67,0,0,0,0,4,0,0,9,0,0,0,0,1,0,0,0,0,0,0,0,0,0,32,1,0,0,4,0,0,0,0,0,1,0,0,0,0,0,0,0,0,0,0,0,0,2,1,0,308,0,0,0,0,0,0,3,3,1,0,0,0,12,1,9,2,0,0,0,0,5,2,0,0,0,0,0,4
JR155,Saut de la Pucelle,VS,238,1,0,156,0,0,1,48,0,0,0,0,2,0,0,6,0,0,0,0,0,1,0,0,0,0,0,0,0,0,18,0,0,0,5,0,0,0,0,0,0,0,0,0,0,0,0,0,0,0,0,0,0,1,0,0,327,0,0,0,0,0,0,1,1,4,0,0,0,6,1,3,3,3,0,0,0,3,9,1,0,4,0,1,2
JR156,Saut de la Pucelle,VS,304,23,0,194,0,0,14,2,20,6,0,0,5,0,0,22,0,0,11,0,0,0,0,0,0,0,0,0,0,0,4,0,0,1,2,0,0,0,0,0,0,0,0,0,0,0,0,0,0,0,0,0,0,13,0,0,140,0,0,0,0,0,0,0,3,1,0,0,0,4,3,3,0,2,0,1,0,4,5,7,0,1,0,0,2
JR157,Saut de la Pucelle,VS,326,13,0,212,0,0,6,52,0,5,0,0,5,0,0,8,0,0,2,0,0,1,0,0,0,0,0,0,0,0,18,0,0,0,4,0,0,0,0,0,0,0,0,0,0,0,0,0,0,0,0,0,0,0,0,0,280,0,0,0,0,0,0,3,0,1,0,0,0,8,2,2,1,1,0,0,0,3,2,4,0,0,0,0,16
JR158,Saut de la Pucelle,VS,321,11,0,208,10,0,3,52,0,0,0,0,5,0,0,1,0,0,0,0,8,0,1,0,0,0,0,2,0,0,16,0,0,0,3,0,0,0,0,0,1,0,0,0,0,0,0,0,0,0,0,0,0,0,0,0,243,0,0,0,0,0,0,2,2,2,0,0,0,6,0,3,3,2,0,1,0,4,3,0,0,0,0,0,6
JR159,Saut de la Pucelle,VS,317,12,1,167,8,0,12,19,7,1,0,0,10,4,0,20,0,0,3,0,18,2,0,0,0,0,4,7,0,1,12,0,0,0,6,0,0,0,1,0,1,1,0,0,0,1,0,0,0,0,0,0,0,1,1,1,251,0,0,0,0,0,0,0,2,1,0,0,3,7,0,0,2,39,0,1,0,0,5,0,0,0,0,1,7
JR160,Crête des Voirons 4,VS,321,13,2,237,0,0,3,39,3,0,0,0,2,0,0,14,0,0,2,0,0,1,0,0,0,0,0,0,0,0,0,0,0,0,5,0,0,0,0,0,0,0,0,0,0,0,0,0,0,0,0,0,0,0,0,2,0,0,0,0,0,0,0,0,0,0,0,0,0,2,1,0,0,0,0,0,0,0,0,0,0,0,0,0,83
JR161,Crête des Voirons 4,VS,319,22,1,218,0,0,6,16,0,3,0,0,3,0,0,28,0,0,5,0,3,0,0,0,0,1,0,0,0,0,0,0,0,0,12,0,0,0,0,0,1,0,0,0,0,0,0,0,0,0,0,0,0,0,1,1,0,0,0,0,0,0,0,2,0,1,0,0,0,6,0,0,0,0,0,0,0,0,0,0,0,0,0,0,82
JR162,Crête des Voirons 4,VS,319,18,1,223,3,0,4,29,0,0,0,0,0,0,0,30,0,0,1,0,2,0,0,0,0,0,0,0,0,0,0,1,0,0,1,0,0,0,0,0,6,0,0,0,0,0,0,0,0,0,0,0,0,0,0,1,0,0,0,0,0,0,0,0,1,0,0,0,0,3,2,0,0,0,0,0,0,0,0,0,0,0,0,0,44
JR163,Crête des Voirons 6,VS,304,32,0,202,0,0,5,37,0,4,0,0,4,0,0,11,0,0,0,0,0,0,0,0,0,0,0,0,0,0,0,0,0,0,7,0,2,0,0,0,0,0,0,0,0,0,0,0,0,0,0,0,0,3,0,0,0,0,0,0,0,0,0,0,0,2,0,0,0,4,0,0,0,0,0,0,0,0,0,0,0,0,0,0,81
JR164,Crête des Voirons 6,VS,312,47,1,196,0,0,5,15,35,0,0,0,3,0,0,0,0,1,0,0,0,0,0,0,0,0,0,0,0,0,0,0,0,0,6,0,1,0,2,0,0,0,0,0,0,0,0,0,0,0,0,0,0,5,0,1,0,0,0,0,0,0,1,0,0,2,0,0,0,0,1,0,0,0,0,0,0,0,0,0,0,0,0,0,109
JR165,Crête des Voirons 5,VS,353,17,3,186,0,0,16,29,0,23,0,0,24,0,0,12,0,0,5,0,0,1,0,0,0,0,2,6,0,0,11,2,0,0,9,2,0,0,2,0,1,2,0,0,0,0,0,0,0,0,0,0,0,11,1,1,263,0,0,0,0,0,0,0,1,1,0,0,0,4,0,0,0,39,1,0,0,0,6,0,0,1,0,1,6
JR166,Crête des Voirons 5,VS,321,57,0,188,0,0,8,0,6,16,0,0,5,0,0,15,0,0,3,0,0,1,0,0,0,0,0,0,0,0,9,1,0,0,8,0,0,1,2,0,1,0,0,0,0,0,0,0,0,0,0,0,0,10,1,0,170,0,0,0,0,0,0,0,0,0,0,0,0,2,0,0,2,10,0,1,0,0,1,0,0,0,0,0,53
JR167,Crête des Voirons 5,VS,313,74,2,146,0,0,14,0,0,30,0,0,6,0,0,11,0,0,7,0,0,0,0,0,0,0,0,0,0,1,8,4,0,0,7,0,0,0,3,0,0,0,0,0,0,0,0,0,0,0,0,0,0,14,0,2,81,0,0,0,0,0,0,0,0,0,1,0,0,0,2,1,1,12,1,0,0,2,1,0,0,0,0,0,5
JR168,Crête des Voirons 5,VS,310,25,1,213,0,0,1,0,9,45,0,0,1,0,0,14,0,0,0,0,0,0,0,0,0,0,0,0,0,0,1,0,0,0,0,0,0,0,0,0,0,0,0,0,0,0,0,0,0,0,0,0,0,1,0,0,0,0,0,0,0,0,0,0,3,0,0,0,0,6,0,0,0,0,0,0,0,0,0,0,0,0,0,0,52
JR169,Crête des Voirons 5,VS,323,42,1,162,3,0,20,3,12,20,0,0,8,3,0,8,0,0,14,0,7,0,0,1,0,0,2,1,0,1,7,0,0,0,4,0,0,1,1,0,2,0,0,0,0,1,0,0,0,0,0,0,0,18,2,1,241,0,0,0,0,0,0,0,0,1,0,0,1,4,0,0,0,12,0,0,0,0,5,1,0,0,0,0,1
JR170,Crête des Voirons 5,VS,0,,,,,,,,,,,,,,,,,,,,,,,,,,,,,,,,,,,,,,,,,,,,,,,,,,,,,,,,,,,,,,,,,,,,,,,,,,,,,,,,,,,,
JR171,Crête des Voirons 5,VS,308,57,3,204,0,0,2,0,5,19,0,0,0,0,0,11,0,0,2,2,0,0,0,0,0,0,0,0,0,0,0,0,0,0,2,0,0,0,0,0,1,0,0,0,0,1,0,0,0,0,0,0,0,2,1,1,0,0,0,0,0,0,1,0,0,0,1,0,0,0,1,0,0,0,0,0,0,0,0,0,0,0,0,0,88
JR172,Crête des Voirons 5,VS,0,,,,,,,,,,,,,,,,,,,,,,,,,,,,,,,,,,,,,,,,,,,,,,,,,,,,,,,,,,,,,,,,,,,,,,,,,,,,,,,,,,,,
JR173,pointe de Brantaz,VS,320,49,1,156,0,0,21,0,14,23,0,0,3,0,0,10,0,0,11,0,0,5,0,23,0,0,0,0,0,0,0,0,0,0,0,0,0,0,2,0,1,0,0,0,1,0,0,0,0,0,0,0,0,10,1,2,0,0,0,0,0,0,0,0,1,0,2,0,0,1,0,0,0,0,0,0,0,0,0,0,0,0,0,0,23
JR174,pointe de Brantaz,VS,0,,,,,,,,,,,,,,,,,,,,,,,,,,,,,,,,,,,,,,,,,,,,,,,,,,,,,,,,,,,,,,,,,,,,,,,,,,,,,,,,,,,,
JR175,Pralère,VS,314,28,2,177,0,1,6,0,0,58,0,0,9,2,0,22,0,1,0,0,0,0,0,0,0,0,0,0,0,0,4,0,0,0,0,0,0,1,1,0,0,1,0,1,0,0,0,0,0,0,0,0,0,7,0,4,51,0,0,0,0,0,0,0,0,0,0,0,0,7,0,0,0,0,0,0,0,0,4,0,0,0,0,0,4
JR176,Pralère,VS,314,44,0,144,0,0,15,0,1,61,0,0,5,0,0,19,0,0,4,0,0,9,0,3,0,0,1,0,0,0,4,0,0,0,0,0,0,0,2,0,1,0,1,0,0,0,0,0,0,0,0,0,0,14,1,1,61,0,0,0,0,0,0,0,1,0,0,0,0,0,0,0,0,0,0,0,0,0,1,1,0,0,0,0,30
JR177,Pralère,VS,0,,,,,,,,,,,,,,,,,,,,,,,,,,,,,,,,,,,,,,,,,,,,,,,,,,,,,,,,,,,,,,,,,,,,,,,,,,,,,,,,,,,,
JR178,Pralère,VS,0,,,,,,,,,,,,,,,,,,,,,,,,,,,,,,,,,,,,,,,,,,,,,,,,,,,,,,,,,,,,,,,,,,,,,,,,,,,,,,,,,,,,
JR179,Crête des Voirons 7,VS,0,,,,,,,,,,,,,,,,,,,,,,,,,,,,,,,,,,,,,,,,,,,,,,,,,,,,,,,,,,,,,,,,,,,,,,,,,,,,,,,,,,,,
JR180,Crête des Voirons 7,VS,312,46,0,123,0,0,17,5,1,44,0,0,15,0,0,34,0,1,10,0,0,6,0,0,0,0,0,0,0,0,4,0,0,0,0,0,0,0,4,0,0,0,1,0,0,0,0,0,1,0,0,0,0,21,0,2,112,0,0,0,0,0,0,0,3,3,2,0,0,3,0,0,0,0,2,1,0,0,5,1,0,0,0,0,9
JR184,la Roche aux Corbeaux,VS,323,23,1,133,0,0,33,0,1,56,0,0,20,0,0,23,0,0,22,0,0,3,0,0,0,0,0,0,0,0,4,0,0,0,0,0,0,0,3,0,0,0,0,1,0,0,0,0,0,0,0,0,0,24,0,1,78,0,0,0,0,0,0,1,1,2,0,0,0,1,0,2,0,0,0,0,0,0,2,0,0,0,0,0,13
JR185,la Roche aux Corbeaux,VS,312,12,0,189,0,0,11,2,2,40,0,0,8,0,0,25,0,0,5,0,0,6,0,0,0,0,0,0,0,0,11,0,0,0,0,0,0,0,1,0,0,0,0,0,0,0,0,0,0,0,0,0,0,11,0,0,169,0,0,0,0,0,0,0,0,1,0,0,0,8,0,0,0,0,1,0,0,0,7,0,0,0,0,0,4
JR186,la Roche aux Corbeaux,VS,314,29,1,114,2,5,27,0,9,46,0,0,6,0,0,34,0,1,21,8,1,4,0,0,0,0,0,0,0,0,2,0,0,0,0,0,0,0,2,0,1,0,0,0,1,1,0,0,0,0,0,0,0,20,1,3,30,0,0,0,0,0,0,0,1,3,0,3,0,1,0,0,0,0,0,0,0,0,0,0,0,0,0,0,1
JR187,la Roche aux Corbeaux,VS,267,30,2,84,0,3,29,2,3,34,0,0,15,1,0,22,0,0,16,6,0,6,0,3,0,0,0,0,0,0,4,0,0,0,1,0,0,0,4,0,0,0,0,0,2,2,0,0,0,0,0,0,0,28,0,5,105,0,0,0,0,0,0,0,0,0,0,0,1,1,3,1,0,0,2,0,0,1,6,0,0,0,0,0,7
JR188,la Roche aux Corbeaux,VS,325,12,1,131,0,0,43,1,1,52,0,0,22,0,0,29,1,0,25,0,0,0,0,0,0,0,0,0,0,0,4,0,0,0,1,0,0,0,0,1,1,0,0,0,0,0,0,0,0,0,0,0,0,22,2,0,34,0,0,0,0,0,0,0,0,0,0,0,0,1,0,0,0,0,0,0,0,0,3,0,0,0,0,0,61
JR189,la Roche aux Corbeaux,VS,306,23,0,149,2,0,24,2,0,37,0,1,19,0,0,29,0,0,9,0,4,0,0,0,0,0,0,0,0,0,4,0,0,0,0,0,0,0,2,0,1,0,0,0,0,0,0,0,0,0,0,0,0,18,2,0,46,0,0,0,0,0,0,1,0,0,1,0,1,2,2,0,0,0,0,0,0,0,1,0,0,0,0,0,10
JR190,la Roche aux Corbeaux,VS,0,,,,,,,,,,,,,,,,,,,,,,,,,,,,,,,,,,,,,,,,,,,,,,,,,,,,,,,,,,,,,,,,,,,,,,,,,,,,,,,,,,,,
JR203,la Moutonnière,VS,134,14,0,51,0,0,12,0,0,14,0,0,8,0,0,8,0,0,10,0,0,0,0,0,0,0,3,0,0,3,6,0,0,0,4,0,0,0,0,0,0,0,0,0,0,0,0,0,1,0,0,0,0,9,0,1,115,0,0,0,0,0,0,0,1,0,2,0,0,1,0,1,0,82,4,1,0,0,3,0,0,0,0,0,6
JR204,la Moutonnière,VS,299,32,0,203,0,0,10,0,1,13,0,0,2,0,0,13,0,0,8,0,0,0,0,0,0,0,2,0,0,2,6,1,0,0,6,0,0,0,0,0,0,0,0,0,0,0,0,0,0,0,0,0,0,8,0,0,209,0,0,0,0,0,0,0,0,0,5,0,0,3,1,0,0,85,4,0,0,1,1,0,0,0,0,0,1
JR205,la Moutonnière,VS,282,31,4,166,0,4,7,0,6,19,0,0,2,0,0,15,0,0,7,6,0,0,0,0,0,0,5,0,0,0,3,0,0,0,5,0,0,0,1,0,0,0,0,0,0,2,1,0,0,0,0,0,0,7,1,5,95,0,1,0,0,0,0,0,3,1,1,2,0,2,0,0,1,47,3,0,0,1,1,0,0,0,0,0,13
JR206,la Moutonnière,VS,309,11,1,246,0,0,8,0,0,19,0,0,2,0,0,11,0,0,4,0,0,0,0,0,0,0,0,0,0,0,4,0,0,0,0,0,0,0,0,0,3,0,0,0,0,0,0,0,0,0,0,0,0,6,3,1,135,0,0,0,0,0,0,1,0,0,2,0,0,7,1,0,0,8,0,0,0,0,0,4,0,0,0,0,11
JR207,la Moutonnière,VS,0,,,,,,,,,,,,,,,,,,,,,,,,,,,,,,,,,,,,,,,,,,,,,,,,,,,,,,,,,,,,,,,,,,,,,,,,,,,,,,,,,,,,
JR208,la Moutonnière,VS,313,15,0,237,0,0,3,1,4,31,0,0,2,0,0,14,0,0,0,0,0,4,0,0,0,0,0,0,0,0,1,0,0,0,0,0,0,0,1,0,0,0,0,0,0,0,0,0,0,0,0,0,0,2,1,0,225,0,0,0,0,0,0,1,0,0,1,0,0,5,6,0,0,2,0,0,0,0,1,0,0,0,0,0,4
JR209,la Moutonnière,VS,0,,,,,,,,,,,,,,,,,,,,,,,,,,,,,,,,,,,,,,,,,,,,,,,,,,,,,,,,,,,,,,,,,,,,,,,,,,,,,,,,,,,,
JR210,la Moutonnière,VS,307,24,0,236,0,0,2,1,18,17,0,0,3,0,0,3,0,0,0,0,0,0,0,0,0,0,0,0,0,0,1,0,0,1,1,0,0,0,0,0,0,0,0,0,0,0,0,0,0,0,0,0,0,2,0,0,189,0,0,0,0,0,0,0,2,0,0,0,0,1,1,1,0,0,0,0,0,1,2,3,0,0,0,0,12
JR211,torrent de Curseilles,VS,245,35,13,23,0,0,34,43,0,2,2,2,25,6,0,19,0,1,23,6,0,2,0,3,0,0,0,0,0,0,0,0,0,0,1,0,0,0,3,0,0,1,1,0,0,3,0,0,0,0,1,0,0,24,5,15,21,0,0,0,0,0,0,0,0,0,1,0,0,0,0,0,0,1,0,0,0,0,0,0,0,0,0,0,6
JR212,la Moutonnière,VS,305,30,0,189,0,0,15,0,29,4,0,0,11,0,0,15,0,0,5,0,0,2,0,0,0,0,0,0,0,0,2,0,0,0,1,0,0,0,2,0,0,0,0,0,0,0,0,0,0,0,0,0,0,18,0,0,164,0,0,0,0,0,0,0,0,0,1,0,0,2,0,0,0,14,2,0,0,0,3,0,0,0,0,0,6
JR213,la Moutonnière,VS,316,15,0,230,0,0,3,2,24,6,0,0,2,0,0,17,0,0,3,0,0,0,0,0,0,0,1,0,0,0,10,0,0,0,3,0,0,0,0,0,0,0,0,0,0,0,0,0,0,0,0,0,0,3,0,0,207,0,0,0,0,0,0,2,0,0,0,0,0,3,0,0,0,1,0,1,0,2,5,0,0,0,0,0,4
JR214,la Moutonnière,VS,320,22,1,208,0,0,14,0,17,11,0,0,6,0,0,24,1,0,7,0,0,0,0,0,0,0,0,0,0,0,7,0,0,0,1,0,0,0,0,0,1,0,0,0,0,0,0,0,0,0,0,0,0,13,1,1,186,0,1,0,0,0,2,2,1,1,2,0,0,10,1,0,0,1,0,0,0,0,3,1,0,0,0,0,32
JR215,la Moutonnière,VS,310,26,0,168,0,0,19,1,13,23,0,0,7,0,0,23,0,0,12,0,0,0,0,0,0,0,0,0,0,0,14,0,0,0,3,0,0,0,1,0,0,0,0,0,0,0,0,0,0,0,0,0,0,14,0,0,117,0,0,0,0,0,0,1,0,0,1,0,1,4,1,0,0,1,0,2,0,0,4,2,0,0,0,0,0
JR216,torrent de Curseilles,VS,307,27,1,186,0,0,10,0,31,11,0,0,7,0,0,21,0,0,6,0,0,1,0,0,0,0,1,0,0,0,3,0,0,0,1,0,0,0,1,0,0,0,0,0,0,0,0,0,0,0,0,0,0,9,0,1,225,0,0,0,0,0,0,2,3,1,0,0,0,4,1,1,0,10,0,0,0,0,5,0,0,1,0,0,1
JR217,torrent de Curseilles,VS,313,6,0,234,0,0,6,0,19,0,0,0,3,0,0,26,0,0,5,0,0,3,0,0,0,0,0,0,0,0,8,0,0,0,3,0,0,0,0,0,0,0,0,0,0,0,0,0,0,0,0,0,0,6,0,0,218,0,0,0,0,0,0,2,0,1,0,0,0,9,0,4,0,1,0,0,0,0,2,0,0,0,0,0,3
JR218,torrent de Curseilles,VS,305,14,0,232,0,0,5,2,6,20,0,0,3,0,0,17,0,0,0,0,0,0,0,0,0,0,0,0,0,0,3,0,0,0,3,0,0,0,0,0,0,0,0,0,0,0,0,0,0,0,0,0,0,4,0,0,138,1,0,0,0,0,1,0,2,0,0,0,0,3,0,3,0,0,0,0,0,0,2,0,0,0,0,1,23
JR219,torrent de Curseilles,VS,312,41,1,143,1,0,30,6,9,13,0,0,8,0,0,14,0,0,19,0,0,0,0,14,0,0,1,2,0,0,0,0,0,0,4,0,0,0,2,0,3,1,0,0,0,0,0,0,0,0,0,0,0,18,3,2,144,0,0,0,0,0,0,0,0,0,6,0,0,1,1,2,1,38,3,0,0,1,5,0,0,0,0,0,9
JR220,torrent de Curseilles,VS,304,22,0,209,0,0,2,1,31,1,0,0,1,0,0,32,0,0,1,0,0,1,0,0,0,0,0,0,0,0,0,0,0,0,2,0,0,0,0,0,1,0,0,0,0,0,0,0,0,0,0,0,0,2,0,0,122,0,0,0,0,0,0,0,1,1,0,0,0,4,0,1,0,0,0,0,0,0,0,0,0,0,0,0,20
JR221,torrent de Curseilles,VS,321,10,0,212,0,0,5,13,12,14,0,0,1,0,0,28,0,0,4,0,0,0,0,0,0,0,0,0,0,0,20,0,0,0,1,0,0,0,1,0,0,0,0,0,0,0,0,0,0,0,0,0,0,5,0,0,261,0,0,0,0,0,0,0,0,1,1,0,0,3,0,1,0,1,0,1,0,1,10,0,0,0,0,0,5
JR222,torrent de Curseilles,VS,296,17,0,222,0,0,3,2,14,2,0,0,0,0,0,21,0,0,2,0,0,0,0,0,0,0,0,0,0,0,7,0,0,0,3,0,0,0,1,0,2,0,0,0,0,0,0,0,0,0,0,0,0,3,2,0,420,0,0,0,1,0,0,1,1,0,0,0,0,5,1,2,0,1,0,0,0,2,14,2,0,0,0,0,4
JR223,torrent de Curseilles,VS,316,5,0,234,0,0,5,2,12,7,0,0,1,0,0,32,0,0,3,0,0,1,0,0,0,0,1,0,0,0,10,0,0,0,3,0,0,0,0,0,0,0,0,0,0,0,0,0,0,0,0,0,0,3,0,0,221,0,0,0,0,0,0,0,0,0,0,0,0,4,3,0,1,3,0,0,0,0,14,5,0,3,0,0,4
JR224,torrent de la Molertaz,VC,306,20,5,83,0,0,39,0,16,22,0,0,24,0,0,43,0,1,31,4,3,0,0,0,0,0,0,0,0,0,3,0,0,0,2,0,1,1,2,0,4,0,2,0,0,2,0,0,0,0,0,0,0,31,4,9,100,0,0,0,0,0,0,0,1,1,0,0,0,4,2,0,0,1,0,0,0,0,10,0,0,0,0,0,6
JR225,torrent de la Molertaz,VC,307,23,4,74,2,0,35,2,1,54,0,0,7,0,0,56,0,0,35,1,1,0,0,0,0,0,0,0,0,0,0,0,0,0,3,0,0,0,0,0,6,2,1,0,0,1,0,0,0,0,0,0,0,24,6,7,48,0,0,0,0,0,0,0,3,2,0,0,0,3,1,0,0,0,0,0,0,0,3,0,0,0,0,0,3
JR226,torrent de la Molertaz,VC,0,,,,,,,,,,,,,,,,,,,,,,,,,,,,,,,,,,,,,,,,,,,,,,,,,,,,,,,,,,,,,,,,,,,,,,,,,,,,,,,,,,,,
JR227,torrent de Curseilles,VS,309,10,0,219,0,0,9,16,25,0,0,0,5,0,0,15,0,0,1,0,0,1,0,0,0,0,1,0,0,0,6,0,0,0,0,0,0,0,1,0,0,0,0,0,0,0,0,0,0,0,0,0,0,5,0,0,284,0,0,0,0,0,0,0,0,0,0,0,0,4,0,1,2,0,0,0,0,0,5,0,0,1,0,0,1
JR228,torrent de Curseilles,VS,315,9,0,202,0,0,7,2,50,0,0,0,8,0,0,32,0,0,0,0,0,1,0,0,0,0,0,0,0,0,3,0,0,0,0,0,0,0,0,0,1,0,0,0,0,0,0,0,0,0,0,0,0,5,1,0,298,0,0,0,0,0,0,2,0,0,0,0,0,8,0,1,0,0,0,0,0,1,4,0,0,0,0,0,1
JR229,torrent de Curseilles,VS,316,2,0,251,0,0,3,30,8,5,0,0,3,0,0,13,0,0,1,0,0,0,0,0,0,0,0,0,0,0,0,0,0,0,0,0,0,0,0,0,0,0,0,0,0,0,0,0,0,0,0,0,0,3,0,0,192,0,0,0,0,0,0,0,0,0,0,0,0,1,0,0,0,0,0,0,0,0,1,0,0,0,0,0,14
JR230,torrent de Curseilles,VS,315,23,0,229,0,0,5,1,19,0,0,0,7,0,0,11,0,0,3,0,0,0,0,0,0,0,0,0,0,0,15,0,0,0,1,0,0,0,1,0,0,0,0,0,0,0,0,0,0,0,0,0,0,7,0,0,159,0,0,0,0,0,0,0,0,0,0,0,0,1,0,0,0,0,0,0,0,0,2,0,0,0,0,0,3
JR231,torrent de Curseilles,VS,279,25,1,39,2,0,21,6,24,25,1,0,11,0,0,63,0,6,27,0,1,1,0,0,0,3,0,0,0,0,2,0,0,0,10,0,0,0,3,0,8,0,0,0,0,0,0,0,0,0,0,0,0,22,8,0,133,0,0,0,0,0,0,1,2,0,1,0,0,4,0,0,0,0,0,0,0,0,8,0,0,0,0,0,5
JR232,torrent de Curseilles,VS,327,15,0,209,0,0,6,9,25,16,0,0,4,0,0,20,0,0,4,0,0,2,0,0,0,0,0,0,0,0,12,0,0,0,4,0,0,0,0,0,1,0,0,0,0,0,0,0,0,0,0,0,0,6,1,0,228,0,0,0,0,0,0,0,1,1,0,0,0,3,3,2,0,2,0,0,0,0,8,4,0,0,0,0,10
JR233,torrent de Curseilles,VS,359,14,0,208,0,0,4,8,23,3,0,0,2,0,0,32,0,0,3,0,0,2,0,0,0,0,1,0,0,0,47,1,0,5,4,0,0,0,1,0,1,0,0,0,0,0,0,0,0,0,0,0,0,5,1,0,362,0,0,0,0,0,0,2,0,2,1,0,0,5,2,4,0,34,0,1,0,12,33,4,0,1,0,0,1
JR234,torrent de Curseilles,VS,340,26,2,173,0,0,12,0,14,39,0,0,2,0,0,30,0,0,7,0,0,4,0,1,0,0,1,0,0,0,25,0,0,1,3,0,0,0,0,0,0,0,0,0,0,0,0,0,0,0,0,0,0,7,0,0,233,0,0,0,0,1,0,2,4,7,2,0,0,5,0,1,0,6,1,1,0,0,15,7,0,4,0,0,11
JR235,torrent de Curseilles,VS,331,21,0,137,0,0,16,17,39,5,0,0,22,0,0,25,0,1,6,0,0,14,0,2,0,0,0,0,0,0,21,0,0,0,3,0,0,0,2,0,0,0,0,0,0,0,0,0,0,0,0,0,0,14,0,0,406,0,0,0,0,1,0,0,2,5,0,0,1,6,1,0,0,37,1,0,0,7,22,5,0,0,0,1,4
JR236,torrent de Curseilles,VS,302,60,7,94,0,0,13,5,0,57,1,0,4,0,0,20,0,4,2,0,0,6,1,3,0,0,1,0,0,0,4,0,0,0,10,0,0,0,8,0,2,0,0,0,0,0,0,0,0,0,0,0,0,8,2,7,117,0,0,0,0,0,0,0,1,3,0,0,0,3,1,0,0,11,0,0,0,0,0,0,0,0,0,0,18
JR237,Château de la Rochette,AS,313,52,2,180,0,0,2,3,29,13,0,0,0,0,0,8,0,0,2,0,0,9,0,0,0,0,0,0,0,0,5,0,0,0,7,0,0,0,1,0,0,0,0,0,0,0,0,0,0,0,0,0,0,3,0,0,99,0,0,0,0,0,0,0,3,3,0,0,0,1,0,0,0,3,0,0,0,0,2,1,0,0,0,0,61
JR238,la Renardière,VS,306,0,0,281,0,0,0,2,8,0,0,0,0,0,0,15,0,0,0,0,0,0,0,0,0,0,0,0,0,0,0,0,0,0,0,0,0,0,0,0,0,0,0,0,0,0,0,0,0,0,0,0,0,0,0,0,0,0,0,0,0,2,0,2,0,2,0,0,0,48,1,7,0,0,0,0,0,0,0,0,0,0,0,0,27
JR239,la Renardière,VS,338,29,4,45,0,2,69,18,16,19,0,0,13,0,0,57,0,1,35,9,0,5,0,0,0,0,0,0,0,0,0,0,0,0,6,0,0,2,0,0,4,2,1,1,0,5,0,0,0,0,0,0,0,31,4,9,1,0,0,0,0,0,0,0,4,1,2,0,1,1,0,0,0,0,0,0,0,0,0,0,0,0,0,0,30
JR240,meulières de Grand Gueule,VC,297,39,2,34,0,13,42,0,14,36,0,0,8,0,0,45,0,2,35,14,1,1,0,0,0,0,1,0,0,0,3,0,0,0,3,0,0,1,1,1,0,1,0,0,0,0,0,0,0,0,0,0,0,22,1,5,27,0,0,0,0,0,0,0,3,0,0,8,0,0,1,0,0,0,0,0,0,0,5,0,0,0,0,0,25
JR241,meulières de Grand Gueule,VC,0,,,,,,,,,,,,,,,,,,,,,,,,,,,,,,,,,,,,,,,,,,,,,,,,,,,,,,,,,,,,,,,,,,,,,,,,,,,,,,,,,,,,
JR242,meulières à Vachat,VC,279,46,7,27,0,5,37,16,22,23,0,0,7,1,0,31,0,3,33,6,0,2,0,4,0,0,0,0,0,0,0,0,0,0,6,0,0,1,0,0,2,0,0,0,0,2,0,0,0,0,0,0,0,24,2,7,31,0,0,0,0,0,0,0,2,2,0,1,2,0,0,0,0,0,0,1,0,0,2,0,0,0,0,0,8
JR243,meulières à Vachat,VC,0,,,,,,,,,,,,,,,,,,,,,,,,,,,,,,,,,,,,,,,,,,,,,,,,,,,,,,,,,,,,,,,,,,,,,,,,,,,,,,,,,,,,
JR244,meulières à Vachat,VC,0,,,,,,,,,,,,,,,,,,,,,,,,,,,,,,,,,,,,,,,,,,,,,,,,,,,,,,,,,,,,,,,,,,,,,,,,,,,,,,,,,,,,
JR245,meulières à Vachat,VC,0,,,,,,,,,,,,,,,,,,,,,,,,,,,,,,,,,,,,,,,,,,,,,,,,,,,,,,,,,,,,,,,,,,,,,,,,,,,,,,,,,,,,
JR246,meulières à Vachat,VC,0,,,,,,,,,,,,,,,,,,,,,,,,,,,,,,,,,,,,,,,,,,,,,,,,,,,,,,,,,,,,,,,,,,,,,,,,,,,,,,,,,,,,
JR247,meulières à Vachat,VC,0,,,,,,,,,,,,,,,,,,,,,,,,,,,,,,,,,,,,,,,,,,,,,,,,,,,,,,,,,,,,,,,,,,,,,,,,,,,,,,,,,,,,
JR248,meulières à Vachat,VC,0,,,,,,,,,,,,,,,,,,,,,,,,,,,,,,,,,,,,,,,,,,,,,,,,,,,,,,,,,,,,,,,,,,,,,,,,,,,,,,,,,,,,
JR249,Fayaux 1,Gu,306,2,0,188,0,0,0,5,0,0,0,0,0,0,0,106,0,0,0,0,0,0,0,0,0,0,0,0,0,0,5,0,0,0,0,0,0,0,0,0,0,0,0,0,0,0,0,0,0,0,0,0,0,0,0,0,180,0,0,0,0,0,0,0,5,0,5,6,0,6,7,8,0,0,0,0,0,0,3,0,0,0,0,0,1
JR250,Fayaux 1,Gu,335,0,0,230,0,0,0,0,0,0,0,0,0,0,0,93,0,0,0,0,0,0,0,0,0,0,0,0,0,0,9,0,0,0,3,0,0,0,0,0,0,0,0,0,0,0,0,0,0,0,0,0,0,0,0,0,360,0,0,0,0,0,0,3,5,1,0,0,0,2,0,10,1,0,0,0,0,0,0,0,0,1,0,0,0
JR251,Fayaux 1,Gu,321,4,0,188,0,0,1,2,0,0,0,0,0,0,0,110,0,0,1,0,0,2,0,0,0,0,0,0,0,0,8,0,0,0,5,0,0,0,0,0,0,0,0,0,0,0,0,0,0,0,0,0,0,1,0,0,231,0,0,0,0,0,0,2,11,2,0,0,0,11,1,15,0,0,0,0,0,0,1,0,0,0,0,0,0
JR252a,torrent de Chauffemérande,SM,258,15,4,83,0,0,30,9,10,18,1,0,14,0,0,25,0,0,28,0,0,7,0,8,0,0,0,0,0,0,0,0,0,0,2,0,0,0,0,0,0,0,1,0,1,4,2,0,0,0,0,0,0,17,0,12,60,0,0,0,0,0,0,0,0,2,2,0,0,1,3,1,0,1,0,0,0,0,7,0,0,0,1,0,8
JR252b,torrent de Chauffemérande,SM,294,3,0,169,0,0,8,8,33,3,0,0,4,0,0,42,0,0,3,0,0,11,1,0,0,0,0,0,0,0,8,0,0,0,0,0,0,0,1,0,0,0,0,0,0,0,0,0,0,0,0,0,0,4,1,0,121,0,0,0,0,0,0,0,6,6,0,0,0,3,3,4,0,1,0,0,0,1,5,0,0,0,0,0,11
JR253,torrent de Chauffemérande,SM,0,,,,,,,,,,,,,,,,,,,,,,,,,,,,,,,,,,,,,,,,,,,,,,,,,,,,,,,,,,,,,,,,,,,,,,,,,,,,,,,,,,,,
JR254,torrent de Chauffemérande,SM,313,0,0,221,0,0,1,35,6,1,0,0,1,0,0,48,0,0,0,0,0,0,0,0,0,0,0,0,0,0,0,0,0,0,0,0,0,0,0,0,0,0,0,0,0,0,0,0,0,0,0,0,0,1,0,0,144,0,0,0,0,0,0,0,2,0,0,0,0,11,10,31,0,0,0,0,0,0,6,0,0,0,0,0,0
JR255,torrent de Chauffemérande,SM,361,0,0,232,0,0,0,1,18,3,0,0,0,0,0,73,0,0,0,0,0,3,0,0,0,0,0,0,0,0,30,0,0,0,1,0,0,0,0,0,0,0,0,0,0,0,0,0,0,0,0,0,0,0,0,0,174,0,1,0,0,0,0,4,1,2,0,0,0,7,9,27,0,3,0,0,0,2,6,0,0,0,0,0,0
JR256,torrent de Chauffemérande,SM,307,8,0,183,0,0,15,0,26,13,0,0,5,0,0,42,0,0,11,0,0,1,0,0,0,0,0,0,0,0,3,0,0,0,0,0,0,0,0,0,0,0,0,0,0,0,0,0,0,0,0,0,0,14,0,0,130,0,0,0,0,0,0,1,2,0,1,0,0,1,0,4,0,1,0,0,0,0,10,0,0,0,0,3,7
JR257,les Chaix,SM,313,6,0,206,0,0,5,0,32,3,0,0,1,0,0,40,0,0,6,0,0,1,0,0,0,0,0,0,0,0,12,0,0,0,1,0,0,0,0,0,0,0,0,0,0,0,0,0,0,0,0,0,0,5,0,0,170,0,0,0,0,0,0,0,0,0,0,0,0,1,5,12,0,1,0,0,0,8,5,0,0,0,0,10,3
JR258,les Chaix,SM,303,9,0,209,0,0,1,0,37,3,0,0,0,0,0,34,0,0,1,0,0,6,0,0,0,0,0,0,0,0,0,0,0,0,3,0,0,0,0,0,0,0,0,0,0,0,0,0,0,0,0,0,0,1,0,0,159,0,0,0,0,0,0,1,2,1,0,0,0,3,9,11,0,6,0,0,0,0,2,0,0,0,0,2,0
JR259,les Chaix,SM,0,,,,,,,,,,,,,,,,,,,,,,,,,,,,,,,,,,,,,,,,,,,,,,,,,,,,,,,,,,,,,,,,,,,,,,,,,,,,,,,,,,,,
JR260,les Chaix,SM,288,0,0,212,0,0,1,71,0,0,0,0,1,0,0,1,0,0,0,0,0,0,0,0,0,0,0,0,0,0,2,0,0,0,0,0,0,0,0,0,0,0,0,0,0,0,0,0,0,0,0,0,0,0,0,0,216,,0,0,0,0,0,1,0,7,0,0,0,15,23,80,0,11,1,4,0,13,19,0,0,0,0,0,2
JR261,les Chaix,SM,0,,,,,,,,,,,,,,,,,,,,,,,,,,,,,,,,,,,,,,,,,,,,,,,,,,,,,,,,,,,,,,,,,,,,,,,,,,,,,,,,,,,,
JR264,carrière de Saint André,VC,332,36,5,60,1,0,40,2,70,3,0,1,30,1,1,51,0,0,21,0,2,0,0,0,0,0,0,0,0,0,0,0,0,0,1,0,1,1,0,0,5,0,0,0,0,1,0,0,0,0,0,0,0,34,5,5,26,0,0,0,0,0,0,0,0,0,0,0,0,0,2,0,0,0,0,0,0,0,1,0,0,0,0,0,60
JR265,carrière de Saint André,VC,0,,,,,,,,,,,,,,,,,,,,,,,,,,,,,,,,,,,,,,,,,,,,,,,,,,,,,,,,,,,,,,,,,,,,,,,,,,,,,,,,,,,,
JR266,la Chavanne (Burdignin),wf,282,30,1,109,0,0,26,7,24,6,0,0,23,0,0,29,0,0,11,2,0,3,0,0,0,0,1,0,0,0,3,1,0,0,2,0,1,0,0,0,2,1,0,0,0,1,0,0,0,0,0,0,0,18,3,1,289,0,0,0,0,0,0,0,2,3,0,1,0,4,2,2,0,109,6,3,0,9,17,0,0,0,0,0,5
JR267,torrent de Carraz,wf,279,8,0,41,6,2,33,29,0,0,0,0,42,0,0,8,0,0,28,2,0,7,1,6,0,26,2,15,2,0,18,2,0,0,0,0,0,0,0,0,1,0,0,0,0,0,0,0,0,0,0,0,0,15,1,1,139,0,0,0,0,0,0,0,7,8,0,0,3,3,8,5,0,3,0,1,0,1,0,0,0,0,0,0,9
JR268,torrent de Carraz,wf,342,0,0,216,0,0,1,59,0,0,0,0,1,0,0,1,0,0,0,0,0,20,0,0,0,0,0,0,0,0,44,0,0,0,0,0,0,0,0,0,0,0,0,0,0,0,0,0,0,0,0,0,0,0,0,0,277,0,0,0,0,0,0,4,2,1,0,0,0,13,5,67,0,0,0,0,1,0,31,0,0,0,0,0,0
JR269,torrent de Carraz,wf,308,0,0,215,0,0,1,69,0,0,0,0,1,0,0,0,0,0,0,0,0,13,0,0,0,0,0,0,0,0,7,0,0,0,2,0,0,0,0,0,0,0,0,0,0,0,0,0,0,0,0,0,0,0,0,0,180,0,0,0,0,0,0,1,0,0,0,0,0,29,2,8,0,0,0,1,0,0,7,0,0,0,0,0,0
JR270,torrent de Carraz,wf,351,25,1,191,0,0,14,52,0,0,0,0,9,0,0,7,0,0,3,0,10,21,0,1,0,0,0,0,0,0,7,1,0,0,2,0,0,0,5,0,2,0,0,0,0,0,0,0,0,0,0,0,0,8,1,2,116,0,0,0,0,0,0,0,2,6,0,0,3,6,0,3,0,1,0,1,0,0,2,0,0,0,0,0,19
JR271,Burdignin,wf,359,20,1,63,0,0,35,117,0,0,1,1,49,0,0,32,0,0,4,0,1,0,2,21,0,0,1,1,0,0,0,0,0,0,3,0,0,0,3,0,4,0,0,0,0,0,0,0,0,0,0,0,0,27,0,1,153,0,0,0,0,0,0,1,5,1,0,0,0,1,1,5,0,2,2,2,1,0,1,0,0,0,0,0,3
JR272,carrière de Fillinges 2,VS,315,2,0,251,0,0,0,46,0,0,0,0,0,0,0,2,0,0,0,0,0,8,0,0,0,0,0,0,0,0,6,0,0,0,0,0,0,0,0,0,0,0,0,0,0,0,0,0,0,0,0,0,0,0,0,0,279,0,0,0,0,0,1,1,2,0,0,0,0,23,7,2,0,48,0,0,0,0,6,0,0,1,0,0,0
JR273,carrière de Fillinges 2,VS,341,21,0,173,0,0,6,77,0,0,0,4,5,0,0,6,0,0,0,0,0,26,2,0,0,0,0,0,0,0,12,0,0,0,6,1,0,0,1,0,1,0,0,0,0,0,0,0,0,0,0,0,0,6,0,0,194,0,0,0,0,0,0,0,5,0,2,0,0,3,0,5,0,23,0,2,0,2,6,0,0,0,0,0,13
JR274,carrière de Fillinges 2,VS,303,36,0,89,2,0,35,22,15,15,0,0,28,0,0,32,0,0,15,0,0,1,0,1,0,0,0,0,0,0,1,0,0,0,3,0,0,0,2,0,6,0,0,0,0,0,0,0,0,0,0,0,0,32,6,0,13,0,0,0,0,0,0,0,1,0,2,0,0,2,0,1,0,7,1,0,0,0,0,0,0,0,0,0,35
JR275,carrière de Fillinges 2,VS,312,42,1,119,0,0,28,29,14,8,0,0,25,0,0,27,0,0,12,0,0,0,0,0,0,0,0,0,0,0,3,0,0,0,1,0,0,0,1,0,2,0,0,0,0,0,0,0,0,0,0,0,0,26,2,1,9,0,0,0,0,0,0,0,0,0,0,0,0,0,0,0,0,13,0,0,0,0,0,0,0,0,0,0,76
JR276,carrière de Fillinges 2,VS,328,11,2,182,0,0,10,27,29,1,0,0,8,2,0,21,0,0,6,1,0,7,0,2,0,0,0,0,0,0,13,0,0,0,0,0,0,0,0,0,6,0,0,0,0,2,0,0,0,0,0,0,0,10,6,2,203,0,0,0,0,0,0,0,1,1,1,0,0,8,0,4,0,24,1,1,0,1,8,1,0,0,0,0,1
JR277,carrière de Fillinges 2,VS,322,20,2,125,0,5,19,36,10,16,0,0,11,5,0,33,0,1,12,0,1,4,0,2,0,0,0,0,0,0,4,0,0,0,4,0,0,1,2,0,9,0,0,0,0,4,0,0,0,0,0,0,0,18,8,4,100,0,0,0,0,0,0,0,0,0,0,0,0,2,2,0,0,17,0,1,0,2,2,0,0,0,0,0,4
JR278,torrent Chez le Merizier,SM,315,1,0,206,0,0,1,40,6,1,0,0,1,0,0,46,0,0,0,0,0,3,0,0,0,0,0,0,0,0,7,0,0,0,2,0,0,0,1,0,0,0,0,0,0,0,0,0,0,0,0,0,0,2,0,0,235,0,0,0,0,0,0,0,3,2,0,0,0,1,8,35,0,12,0,0,0,1,25,0,0,2,0,6,5
JR279,torrent Chez le Merizier,SM,310,2,0,238,0,0,1,20,5,0,0,0,0,0,0,20,0,0,1,0,0,1,0,0,0,0,0,0,0,0,18,0,0,0,4,0,0,0,0,0,0,0,0,0,0,0,0,0,0,0,0,0,0,1,0,0,148,0,0,0,0,0,0,0,1,2,0,0,0,1,4,11,5,1,0,0,0,0,1,1,0,0,0,4,0
JR280,torrent Chez le Merizier,SM,304,13,0,147,0,0,4,45,20,0,0,0,1,0,0,13,0,2,1,0,0,14,0,3,0,0,0,0,0,0,36,0,0,0,1,0,0,0,3,0,1,0,0,0,0,1,0,0,0,0,0,0,0,4,0,1,122,0,0,0,0,0,0,1,2,11,0,0,0,4,1,9,0,7,0,2,0,1,10,0,0,0,0,6,1
JR281,torrent Chez le Merizier,SM,317,1,0,211,0,0,0,23,16,0,0,0,0,0,0,42,0,0,0,0,0,3,0,0,0,0,0,0,0,0,17,0,0,0,3,0,0,0,0,0,1,0,0,0,0,0,0,0,0,0,0,0,0,0,1,0,123,0,0,0,0,0,0,1,2,2,0,0,0,1,6,2,0,3,0,0,0,1,1,1,0,0,0,2,0
JR282,torrent Chez Rollin,SM,318,6,0,185,0,0,4,48,12,0,1,0,2,0,0,33,0,3,0,0,0,6,0,1,0,0,0,0,0,0,12,0,0,0,3,0,0,0,0,0,2,0,0,0,0,0,0,0,0,0,0,0,0,3,2,0,130,0,0,0,0,0,1,0,1,0,0,0,0,2,1,4,0,2,0,0,0,0,1,0,0,0,0,0,0
JR283,torrent Chez Rollin,SM,341,3,0,169,0,0,6,12,30,1,0,0,0,0,0,31,0,0,6,0,0,4,0,1,0,0,0,0,0,0,73,0,0,0,5,0,0,0,0,0,0,0,0,0,0,0,0,0,0,0,0,0,0,6,0,0,270,0,0,0,0,0,0,1,2,3,0,0,0,5,14,71,0,13,0,2,0,0,28,0,0,0,0,5,0
JR284,torrent Chez Rollin,SM,319,15,2,181,0,0,13,1,19,4,0,0,0,0,0,47,0,0,13,0,0,1,0,0,0,0,0,0,0,0,22,0,0,0,1,0,0,0,0,0,0,0,0,0,0,0,0,0,0,0,0,0,0,13,0,1,89,0,0,0,0,0,0,0,1,1,0,0,0,2,0,5,1,4,1,1,0,0,8,1,0,0,0,2,2
JR285,nant des Manants,VS,311,17,2,84,2,0,20,68,18,1,0,0,13,0,0,29,0,3,3,0,1,25,0,8,0,0,0,0,0,0,2,0,0,0,10,0,0,0,1,0,4,0,0,0,0,0,0,0,0,0,0,0,0,16,4,0,141,0,0,0,0,0,0,0,2,4,0,0,1,9,0,0,0,0,0,0,0,0,1,0,0,0,0,0,8
JR286,les Grands Bois 1,VS,0,,,,,,,,,,,,,,,,,,,,,,,,,,,,,,,,,,,,,,,,,,,,,,,,,,,,,,,,,,,,,,,,,,,,,,,,,,,,,,,,,,,,
JR287,Rocher d'escalade,AS,0,,,,,,,,,,,,,,,,,,,,,,,,,,,,,,,,,,,,,,,,,,,,,,,,,,,,,,,,,,,,,,,,,,,,,,,,,,,,,,,,,,,,
JR288,Rocher d'escalade,AS,316,60,3,139,0,0,12,21,13,13,0,0,10,0,0,19,1,0,5,0,0,7,0,0,0,0,4,0,0,0,3,0,0,0,3,0,0,0,0,0,1,1,0,0,0,0,1,0,0,0,1,0,0,9,1,3,105,0,0,0,0,0,0,0,2,1,0,0,0,2,1,1,0,0,0,0,0,1,0,1,0,0,0,0,0
JR289,Rocher d'escalade,AS,0,,,,,,,,,,,,,,,,,,,,,,,,,,,,,,,,,,,,,,,,,,,,,,,,,,,,,,,,,,,,,,,,,,,,,,,,,,,,,,,,,,,,
JR290,Monastère de Bethléem,VS,0,,,,,,,,,,,,,,,,,,,,,,,,,,,,,,,,,,,,,,,,,,,,,,,,,,,,,,,,,,,,,,,,,,,,,,,,,,,,,,,,,,,,
JR291,Monastère de Bethléem,VS,0,,,,,,,,,,,,,,,,,,,,,,,,,,,,,,,,,,,,,,,,,,,,,,,,,,,,,,,,,,,,,,,,,,,,,,,,,,,,,,,,,,,,
JR292,Monastère de Bethléem,VS,0,,,,,,,,,,,,,,,,,,,,,,,,,,,,,,,,,,,,,,,,,,,,,,,,,,,,,,,,,,,,,,,,,,,,,,,,,,,,,,,,,,,,
JR293,torrent de Carraz,wf,211,1,0,135,0,0,1,35,3,2,0,0,1,0,0,25,0,0,0,0,0,6,0,0,0,0,0,0,0,0,2,0,0,0,0,0,0,0,0,0,0,0,0,0,0,0,0,0,0,0,0,0,0,1,0,0,284,0,0,0,0,0,0,0,1,0,0,0,0,6,17,8,0,0,0,0,0,0,37,0,0,0,0,0,3
JR294,les Grands Bois 1,VS,318,25,0,98,0,0,16,46,27,8,0,0,11,0,0,24,0,1,4,0,0,22,3,7,0,4,0,0,0,0,3,0,0,0,16,0,0,0,1,0,2,0,0,0,0,0,0,0,0,0,0,0,0,11,2,0,219,0,0,0,0,0,0,1,2,11,0,0,0,6,0,0,0,4,0,1,0,0,19,0,0,0,1,0,1
JR295,les Grands Bois 1,VS,240,0,0,147,0,0,1,16,12,0,0,0,1,0,0,35,0,0,0,0,0,2,1,0,0,0,0,0,0,0,25,0,0,0,0,0,0,0,0,0,0,0,0,0,0,0,0,0,0,0,0,0,0,1,0,0,290,0,0,0,0,0,0,0,4,6,0,0,0,22,4,47,0,2,0,0,0,0,32,0,0,1,0,0,0
JR296,les Grands Bois 1,VS,0,,,,,,,,,,,,,,,,,,,,,,,,,,,,,,,,,,,,,,,,,,,,,,,,,,,,,,,,,,,,,,,,,,,,,,,,,,,,,,,,,,,,
JR297,les Grands Bois 1,VS,196,0,0,142,0,0,1,21,1,0,0,0,0,0,0,23,0,0,1,0,0,3,0,0,0,0,0,0,0,0,2,0,0,0,0,0,0,0,0,0,2,0,0,0,0,0,0,0,0,0,0,0,0,1,2,0,318,0,0,0,0,0,0,0,2,1,0,0,0,5,11,19,0,0,0,0,0,0,31,0,0,2,0,0,1
JR298,les Grands Bois 1,VS,258,0,0,141,0,0,1,17,27,0,0,0,1,0,0,37,0,1,0,0,0,12,0,0,0,0,0,0,0,0,19,0,0,0,2,0,0,0,0,0,0,0,0,0,0,0,0,0,0,0,0,0,0,1,0,0,279,0,0,0,0,0,0,0,0,1,0,0,0,10,1,25,0,0,0,0,0,0,33,0,0,0,0,2,1
JR299,les Grands Bois 1,VS,242,1,0,190,0,0,0,13,10,0,0,0,0,0,0,26,0,0,0,0,0,1,0,0,0,0,0,0,0,0,0,0,0,0,1,0,0,0,0,0,0,0,0,0,0,0,0,0,0,0,0,0,0,0,0,0,319,0,0,0,0,0,0,2,1,2,0,0,0,11,2,36,0,0,0,0,0,0,27,0,0,0,0,1,1
JR300,Grande Combe,wf,319,12,0,228,0,0,7,24,0,15,0,0,5,0,0,19,0,0,1,0,0,4,0,0,0,0,0,0,0,0,2,0,0,0,0,0,0,0,0,0,2,0,0,0,0,0,0,0,0,0,0,0,0,6,2,0,167,0,0,0,0,0,0,0,1,1,0,0,0,3,1,1,0,0,0,0,0,0,0,0,0,0,0,0,4
JR301,Grange Sauthier,SM,0,,,,,,,,,,,,,,,,,,,,,,,,,,,,,,,,,,,,,,,,,,,,,,,,,,,,,,,,,,,,,,,,,,,,,,,,,,,,,,,,,,,,
JR302,Grange Sauthier,SM,300,6,0,202,0,0,7,35,0,11,0,0,4,0,0,23,0,0,6,0,0,3,0,0,0,0,0,0,0,0,0,0,0,0,1,0,0,0,1,0,1,0,0,0,0,0,0,0,0,0,0,0,0,7,1,0,58,0,0,0,0,0,0,0,2,0,0,0,0,0,0,0,0,0,0,0,0,0,1,0,0,0,0,0,82
JR303,Saut de la Pucelle,VS,315,1,0,194,0,0,2,51,6,0,0,0,2,0,0,43,0,0,0,0,0,2,0,0,0,0,0,0,0,0,6,0,0,0,8,0,0,0,0,0,0,0,0,0,0,0,0,0,0,0,0,0,0,2,0,0,326,0,0,0,0,0,0,0,2,1,0,0,0,3,2,6,0,0,0,0,0,1,7,0,0,1,0,0,0
JR304,Crête des Voirons,VS,0,,,,,,,,,,,,,,,,,,,,,,,,,,,,,,,,,,,,,,,,,,,,,,,,,,,,,,,,,,,,,,,,,,,,,,,,,,,,,,,,,,,,
JR305,Rau Bruan,wf,304,0,0,209,0,0,1,26,8,0,0,0,0,0,0,48,0,0,1,0,0,11,0,0,0,0,0,0,0,0,0,0,0,0,0,0,0,0,0,0,0,0,0,0,0,0,0,0,0,0,0,0,0,1,0,0,260,0,0,0,0,0,0,0,4,11,0,0,0,0,35,12,0,0,0,0,0,0,6,0,0,0,0,0,0
JR306,Rau Bruan,wf,311,11,1,240,0,0,0,38,4,0,0,0,0,0,0,13,0,0,0,0,0,0,0,0,0,0,0,0,0,0,2,0,0,0,0,0,0,0,2,0,0,0,0,0,0,0,0,0,0,0,0,0,0,2,0,1,138,0,0,0,0,0,0,0,0,1,0,0,0,2,1,1,0,1,0,0,0,0,2,3,0,0,0,0,16
JR307,Rau Bruan,wf,315,37,2,162,0,0,14,8,22,12,0,0,17,1,0,22,0,0,2,3,0,0,0,0,0,0,1,0,0,0,2,0,0,0,6,0,0,0,2,0,2,0,0,0,0,2,0,0,0,0,0,0,0,13,2,4,79,0,0,0,0,0,0,0,0,1,12,0,0,0,0,0,0,29,0,0,0,1,0,0,0,0,0,0,21
JR308,Rau Bruan,wf,304,0,0,240,0,0,2,9,21,0,0,0,0,0,0,24,0,0,2,0,0,0,0,0,0,0,0,0,0,0,5,0,0,0,1,0,0,0,0,0,0,0,0,0,0,0,0,0,0,0,0,0,0,2,0,0,291,0,0,0,0,0,0,0,0,0,0,0,0,10,2,5,0,0,0,0,0,0,7,0,0,0,0,0,1
JR309,les Grands Bois 1,VS,0,,,,,,,,,,,,,,,,,,,,,,,,,,,,,,,,,,,,,,,,,,,,,,,,,,,,,,,,,,,,,,,,,,,,,,,,,,,,,,,,,,,,
JR310,torrent Chez le Merizier,SM,0,,,,,,,,,,,,,,,,,,,,,,,,,,,,,,,,,,,,,,,,,,,,,,,,,,,,,,,,,,,,,,,,,,,,,,,,,,,,,,,,,,,,
JR311,torrent Chez Rollin,SM,324,17,1,215,0,0,9,10,28,0,0,0,0,0,0,22,0,0,7,0,0,3,0,0,0,0,0,0,0,0,11,0,0,0,1,0,0,0,0,0,0,0,0,0,0,0,0,0,0,0,0,0,0,8,0,1,94,0,0,0,0,0,1,0,2,0,2,0,0,2,2,2,0,0,0,0,0,1,0,0,0,0,0,0,2
JR312,carrière de Fillinges 1,VS,312,5,1,195,0,0,11,37,10,1,0,0,5,2,0,25,0,0,9,0,0,1,0,0,0,0,0,0,0,0,7,0,0,0,2,0,0,0,1,0,0,0,0,0,0,0,0,0,0,0,0,0,0,7,0,1,132,0,0,0,0,0,0,0,3,0,0,0,0,7,2,0,0,4,0,0,0,1,1,2,0,0,0,0,0
JR313,carrière de Fillinges 1,VS,314,8,1,219,0,0,7,13,14,6,0,0,2,0,0,21,0,0,8,0,0,3,0,0,0,0,0,0,0,0,10,0,0,0,1,0,0,0,1,0,0,0,0,0,0,0,0,0,0,0,0,0,0,6,0,1,121,0,0,0,0,0,0,0,1,1,0,0,0,1,3,6,0,2,0,0,0,0,0,0,0,1,0,2,0
JR314,carrière de Fillinges 1,VS,303,9,12,63,0,2,47,5,3,24,0,0,28,2,1,31,0,0,54,7,1,0,0,1,0,0,0,0,0,0,2,0,0,1,4,0,0,0,1,0,5,0,0,0,0,5,0,0,0,0,1,0,0,26,5,15,87,0,0,0,0,0,0,0,0,1,0,11,0,1,0,0,1,24,0,1,0,2,2,0,0,0,0,0,14
JR315,torrent de Chauffemérande,SM,332,14,8,61,0,0,47,11,1,40,0,0,25,8,2,67,0,4,27,6,0,1,0,2,1,0,0,0,0,0,0,0,0,0,3,0,0,0,1,0,3,0,0,0,0,5,0,0,0,0,0,0,0,24,3,5,117,0,0,0,0,0,0,1,1,3,1,4,0,1,1,0,0,0,0,0,0,0,3,0,0,0,0,0,5
JR316,torrent de Chauffemérande,SM,291,16,9,28,0,0,55,0,30,0,0,0,46,6,0,32,0,0,56,9,0,1,0,0,0,0,0,0,0,0,0,0,0,0,1,0,0,1,1,0,0,0,0,0,0,8,0,0,0,0,0,0,0,27,0,8,0,0,0,0,0,0,0,0,0,0,4,1,0,0,0,0,0,0,0,0,0,0,0,0,0,0,0,0,11
JR317,torrent de Chauffemérande,SM,300,25,4,31,4,0,47,0,23,1,0,0,38,0,1,26,1,0,73,3,10,0,0,0,0,0,0,0,0,0,4,0,0,0,1,0,0,1,1,0,4,0,1,0,0,0,1,0,0,0,0,0,0,31,4,8,48,0,0,0,0,0,0,0,1,0,2,3,0,0,0,0,0,0,0,0,0,0,1,0,0,0,0,0,2
JR318,torrent de Chauffemérande,SM,304,3,0,175,1,0,15,36,0,3,0,0,0,0,1,46,0,0,18,0,0,1,0,0,0,0,0,0,0,0,1,0,0,1,0,0,0,0,0,0,1,0,2,0,0,0,0,0,0,0,0,0,0,10,1,2,103,0,0,0,0,0,0,0,3,6,0,0,0,2,0,9,0,3,0,0,0,1,12,0,0,0,0,4,5
JR319,torrent de Chauffemérande,SM,0,,,,,,,,,,,,,,,,,,,,,,,,,,,,,,,,,,,,,,,,,,,,,,,,,,,,,,,,,,,,,,,,,,,,,,,,,,,,,,,,,,,,
JR320,carrière des Châteaux,AS,311,38,0,143,0,0,33,2,1,12,0,0,3,0,0,46,0,0,25,0,0,1,0,0,0,0,0,0,0,0,3,0,0,0,0,0,0,0,1,0,3,0,0,0,0,0,0,0,0,0,0,0,0,21,3,0,58,0,0,0,0,0,0,0,0,1,0,0,0,0,0,0,0,0,0,0,0,3,0,0,0,0,0,0,22
JR321,carrière des Châteaux,AS,307,29,0,173,0,0,23,0,4,8,0,0,0,0,0,43,0,0,25,0,0,0,0,0,0,0,0,0,0,0,1,0,0,0,1,0,0,0,0,0,0,0,0,0,0,0,0,0,0,0,0,0,0,18,0,0,43,0,0,0,0,0,0,0,1,2,0,0,0,0,3,0,0,0,0,0,0,1,1,0,0,0,0,0,12
JR322,carrière des Châteaux,AS,0,,,,,,,,,,,,,,,,,,,,,,,,,,,,,,,,,,,,,,,,,,,,,,,,,,,,,,,,,,,,,,,,,,,,,,,,,,,,,,,,,,,,
JR323,carrière des Châteaux,AS,333,11,0,203,0,0,11,26,1,8,0,0,10,0,0,34,0,0,10,0,0,0,0,0,0,0,0,0,0,0,13,0,0,0,1,0,0,0,0,0,5,0,0,0,0,0,0,0,0,0,0,0,0,10,5,0,196,0,0,0,0,0,0,1,1,4,2,0,0,0,2,0,0,2,0,0,0,2,12,1,0,0,0,0,2
JR324,carrière des Châteaux,AS,312,26,0,146,0,0,27,17,1,20,0,0,7,0,0,40,0,0,21,0,0,2,0,0,0,0,0,0,0,0,0,0,0,0,1,0,0,0,0,0,4,0,0,0,0,0,0,0,0,0,0,0,0,13,4,0,66,0,0,0,0,0,0,0,2,0,2,0,0,0,0,0,0,1,0,0,0,1,1,0,0,0,0,0,18
JR325,carrière des Châteaux,AS,312,36,0,152,0,0,24,2,8,18,0,0,7,0,0,36,0,0,18,0,0,0,0,0,0,0,0,0,0,0,3,0,0,0,2,0,0,0,1,0,4,1,0,0,0,0,0,0,0,0,0,0,0,24,4,1,57,0,0,0,0,0,0,0,1,0,0,0,0,0,0,0,0,0,0,0,0,1,1,0,0,0,0,0,26
JR326,carrière des Châteaux,AS,297,22,0,164,0,0,27,10,0,22,0,0,7,0,0,24,0,2,10,0,2,2,0,3,0,0,0,0,0,0,0,0,0,0,0,0,0,0,0,0,2,0,0,0,0,0,0,0,0,0,0,0,0,18,0,0,92,0,0,0,0,0,0,1,0,2,2,0,0,0,0,0,0,1,0,0,0,0,2,0,0,0,0,0,9
JR327,carrière des Châteaux,AS,317,31,0,168,0,0,19,30,0,6,0,0,10,0,0,26,0,0,14,0,0,1,0,0,0,0,0,0,0,0,5,0,0,0,1,0,0,1,0,0,4,1,0,0,0,0,0,0,0,0,0,0,0,9,4,1,64,0,0,0,0,0,0,0,1,1,1,0,0,0,0,0,0,0,0,0,0,0,0,1,0,0,0,0,17
JR328,torrent de Chauffemérande,SM,320,7,0,220,0,0,2,12,30,7,0,0,3,0,0,35,0,0,0,0,0,0,0,0,0,0,0,0,0,0,2,0,0,0,1,0,0,0,0,0,1,0,0,0,0,0,0,0,0,0,0,0,0,2,1,0,184,0,1,0,0,0,0,0,0,1,0,0,0,3,3,13,0,2,0,0,0,0,5,0,0,0,0,0,14
JR329,carrière des Châteaux,AS,302,24,0,206,0,0,16,16,1,8,0,0,3,0,0,17,0,0,9,0,0,0,0,0,0,0,0,0,0,0,0,0,0,0,0,0,0,0,0,0,2,0,0,0,0,0,0,0,0,0,0,0,0,9,2,0,82,0,0,0,0,0,0,0,1,1,1,0,0,1,0,0,0,0,0,0,0,0,1,0,0,0,0,0,1
JR330,carrière des Châteaux,AS,301,20,0,177,0,0,13,23,0,18,0,0,9,0,0,33,0,0,6,0,0,0,0,0,0,0,0,0,0,0,1,0,0,0,0,0,0,0,0,0,1,0,0,0,0,0,0,0,0,0,0,0,0,8,1,0,64,0,0,0,0,0,0,0,0,1,0,0,0,0,0,0,0,0,0,0,0,0,1,0,0,0,0,0,7
JR331,torrent de la Molertaz,VC,269,39,2,65,1,0,20,29,1,29,0,0,12,0,0,42,0,5,10,0,1,3,0,1,0,0,0,0,0,0,0,0,0,0,0,0,0,0,0,0,9,0,0,0,0,0,0,0,0,0,0,0,0,17,9,2,2,0,0,0,0,0,0,0,3,0,1,0,0,0,0,1,0,0,0,0,0,0,0,0,0,0,0,0,4
JR332,Rocher d'escalade,AS,0,,,,,,,,,,,,,,,,,,,,,,,,,,,,,,,,,,,,,,,,,,,,,,,,,,,,,,,,,,,,,,,,,,,,,,,,,,,,,,,,,,,,
JR333,Rocher d'escalade,AS,322,79,2,172,0,3,8,1,6,16,0,0,2,3,0,14,0,0,7,2,1,0,0,0,0,0,1,0,0,0,3,1,0,0,0,0,0,0,0,0,1,0,0,0,0,1,0,0,0,0,0,0,0,8,1,2,75,0,0,0,0,0,0,1,1,0,0,0,0,2,0,0,0,0,0,0,0,0,0,0,0,0,0,0,22
JR334,carrière Route des Noyers,AS,0,,,,,,,,,,,,,,,,,,,,,,,,,,,,,,,,,,,,,,,,,,,,,,,,,,,,,,,,,,,,,,,,,,,,,,,,,,,,,,,,,,,,
JR335,Rocher d'escalade,AS,0,,,,,,,,,,,,,,,,,,,,,,,,,,,,,,,,,,,,,,,,,,,,,,,,,,,,,,,,,,,,,,,,,,,,,,,,,,,,,,,,,,,,
JR337,carrière des Fayaux 1,Gu,0,,,,,,,,,,,,,,,,,,,,,,,,,,,,,,,,,,,,,,,,,,,,,,,,,,,,,,,,,,,,,,,,,,,,,,,,,,,,,,,,,,,,
JR338,carrière des Fayaux 1,Gu,315,18,0,220,0,0,2,1,0,0,0,0,0,0,0,67,0,0,2,0,0,1,0,0,0,0,0,0,0,0,0,0,0,0,4,0,0,0,0,0,0,0,0,0,0,0,0,0,0,0,0,0,0,2,0,0,121,0,0,0,0,0,0,0,1,1,0,0,0,1,0,2,0,0,0,0,0,0,0,0,0,0,0,0,0
JR339,carrière des Fayaux 1,Gu,310,4,0,183,0,0,6,0,0,0,0,0,0,0,0,94,0,0,6,0,0,4,0,0,0,0,0,0,0,0,7,0,0,0,5,0,0,0,1,0,0,0,0,0,0,0,0,0,0,0,0,0,0,6,0,0,193,0,0,0,0,0,0,1,3,4,1,0,0,4,0,4,0,0,0,0,0,0,1,0,0,0,0,0,0
JR340,carrière des Fayaux 1,Gu,326,66,7,104,0,4,33,0,0,0,0,0,0,0,0,54,0,1,34,2,5,1,0,0,0,0,1,0,0,0,3,0,0,0,5,1,0,0,0,0,3,0,0,0,2,3,0,0,0,0,1,0,0,27,3,11,1,0,0,0,0,0,0,0,0,1,3,3,0,0,0,65,0,1,0,0,0,0,0,0,0,0,0,0,8
JR341,chemin du Château,AS,318,69,0,157,0,0,25,0,6,30,0,0,10,0,0,8,0,0,9,0,2,1,0,0,0,0,0,0,0,0,0,0,0,0,0,0,0,0,0,0,1,0,0,0,0,0,0,0,0,0,0,0,0,17,1,0,122,0,0,0,0,0,0,1,0,0,0,0,0,0,0,0,0,1,0,0,0,2,0,0,0,0,0,0,6
JR342,Château-Neuf d'Allinges,AS,312,42,3,39,1,0,42,23,1,22,1,2,24,0,0,75,0,0,34,2,0,1,0,0,0,0,0,0,0,0,0,0,0,0,0,0,0,0,0,0,0,,,,,,,,,,,,,,,,,,,,,,,,,,,,,,,,,,,,,,,,,,,,
JR343,Château-Neuf d'Allinges,AS,0,,,,,,,,,,,,,,,,,,,,,,,,,,,,,,,,,,,,,,,,,,,,,,,,,,,,,,,,,,,,,,,,,,,,,,,,,,,,,,,,,,,,
JR344,Rocher d'escalade,AS,327,63,0,182,0,0,9,25,1,14,0,0,10,0,0,10,0,0,0,0,0,0,0,1,0,0,0,0,0,0,9,0,0,0,2,0,0,0,0,0,1,0,0,0,0,0,0,0,0,0,0,0,0,8,1,0,91,0,0,0,0,0,0,0,,,,,,,,,,,,,,,,,,,,,
JR345,Rocher d'escalade,AS,303,5,0,235,0,0,0,31,10,3,0,0,0,0,0,16,0,0,1,0,0,1,0,0,0,0,0,0,0,0,0,0,0,0,0,0,0,0,0,0,1,0,0,0,0,0,0,0,0,0,0,0,0,1,1,0,154,0,0,0,0,0,0,0,3,0,0,0,0,8,1,0,0,0,0,0,0,0,0,0,0,0,0,0,41
JR346,Rocher d'escalade,AS,336,71,2,187,0,0,12,11,0,17,0,0,11,0,0,18,0,0,0,0,1,0,0,0,0,0,0,0,0,0,4,0,0,0,1,0,0,0,0,0,1,0,0,0,0,0,0,0,0,0,0,0,0,10,1,1,49,0,0,0,0,0,0,1,1,1,0,0,0,1,0,0,0,1,0,1,0,0,1,0,0,0,0,0,46
JR347,torrent de la Molertaz,VC,0,,,,,,,,,,,,,,,,,,,,,,,,,,,,,,,,,,,,,,,,,,,,,,,,,,,,,,,,,,,,,,,,,,,,,,,,,,,,,,,,,,,,
JR348,torrent de la Molertaz,VC,319,17,2,107,3,0,22,25,2,40,0,0,12,2,0,44,0,0,15,3,4,1,0,0,0,0,0,0,0,0,4,0,0,0,3,0,2,0,1,0,9,0,0,0,0,1,1,0,0,0,1,0,0,11,9,4,215,0,0,0,0,0,0,0,4,4,2,0,0,13,3,0,0,1,1,0,0,0,24,0,0,0,0,0,2
JR349,la Janière,VS,321,9,0,237,0,0,5,18,4,17,0,0,5,0,0,6,0,1,0,0,0,4,0,0,0,0,0,0,0,0,14,0,0,0,0,0,0,0,0,0,1,0,0,0,0,0,0,0,0,0,0,0,0,3,1,0,244,2,0,0,0,0,0,1,1,0,0,0,0,1,0,0,0,9,2,0,0,0,2,0,1,0,0,0,7
JR350,torrent Combe Ecuer,wf,316,18,0,223,0,0,8,16,0,21,0,0,7,0,0,14,0,0,2,0,0,2,0,0,0,0,0,0,0,0,4,0,0,0,1,0,0,0,0,0,0,0,0,0,0,0,0,0,0,0,0,0,0,7,0,0,148,0,0,0,0,0,0,0,0,1,1,0,0,0,0,0,0,0,0,0,0,0,1,1,0,0,0,0,18
JR351,torrent Combe Ecuer,wf,0,,,,,,,,,,,,,,,,,,,,,,,,,,,,,,,,,,,,,,,,,,,,,,,,,,,,,,,,,,,,,,,,,,,,,,,,,,,,,,,,,,,,
JR352,torrent Combe Ecuer,wf,0,,,,,,,,,,,,,,,,,,,,,,,,,,,,,,,,,,,,,,,,,,,,,,,,,,,,,,,,,,,,,,,,,,,,,,,,,,,,,,,,,,,,
JR353,torrent Combe Ecuer,wf,0,,,,,,,,,,,,,,,,,,,,,,,,,,,,,,,,,,,,,,,,,,,,,,,,,,,,,,,,,,,,,,,,,,,,,,,,,,,,,,,,,,,,
JR354,nant des Manants,VS,374,32,6,61,2,7,47,8,0,59,0,0,28,4,0,47,0,0,35,9,3,1,0,2,5,0,0,0,0,0,1,0,0,1,1,0,1,0,4,0,9,1,0,0,0,7,0,0,0,0,1,0,0,39,10,9,141,0,0,0,0,0,0,0,0,0,0,3,1,2,0,0,0,0,0,0,0,0,2,0,0,0,0,0,6
JR355,nant des Manants,VS,0,,,,,,,,,,,,,,,,,,,,,,,,,,,,,,,,,,,,,,,,,,,,,,,,,,,,,,,,,,,,,,,,,,,,,,,,,,,,,,,,,,,,
JR356,Rau Bruan,wf,0,,,,,,,,,,,,,,,,,,,,,,,,,,,,,,,,,,,,,,,,,,,,,,,,,,,,,,,,,,,,,,,,,,,,,,,,,,,,,,,,,,,,
JR357,Zollhaus,Gu,282,10,0,206,1,0,2,7,6,2,0,0,1,0,0,38,0,0,0,0,1,2,0,0,0,0,0,0,0,0,5,0,0,0,0,0,0,0,0,0,1,0,0,0,0,0,0,0,0,0,0,0,0,2,1,0,426,0,0,0,0,0,0,0,1,1,1,0,0,3,6,0,0,3,0,0,0,0,1,0,0,0,0,0,1
JR358,Zollhaus,Gu,305,2,0,251,0,0,1,3,12,0,0,0,0,0,0,32,0,0,1,0,0,1,0,0,0,0,0,0,0,0,1,0,0,0,0,0,0,0,0,0,0,0,0,0,0,0,1,0,0,0,0,0,0,0,0,0,359,0,0,0,0,0,0,0,3,0,0,0,0,8,140,4,0,0,0,0,0,0,8,0,0,0,0,0,1
JR359,Zollhaus,Gu,324,33,1,152,0,0,26,3,0,29,0,0,9,1,0,31,0,0,23,0,1,2,0,0,0,0,0,0,0,0,3,0,0,0,1,0,0,1,0,0,7,0,0,0,0,1,1,0,0,0,0,0,0,22,7,2,193,0,0,0,0,0,0,0,0,0,0,0,0,4,0,0,0,35,0,0,0,4,7,0,0,0,0,0,0
JR360,Zollhaus,Gu,317,27,0,186,0,0,13,0,6,0,0,0,1,0,0,64,0,0,13,0,0,0,0,0,0,0,0,0,0,0,5,0,0,0,1,0,0,0,0,0,1,0,0,0,0,0,0,0,0,0,0,0,0,13,1,0,119,0,0,0,0,0,0,0,2,0,1,0,0,4,0,0,0,1,2,0,0,2,0,1,0,0,0,0,2
JR361,Zollhaus,Gu,0,,,,,,,,,,,,,,,,,,,,,,,,,,,,,,,,,,,,,,,,,,,,,,,,,,,,,,,,,,,,,,,,,,,,,,,,,,,,,,,,,,,,
JR362,Zollhaus,Gu,0,,,,,,,,,,,,,,,,,,,,,,,,,,,,,,,,,,,,,,,,,,,,,,,,,,,,,,,,,,,,,,,,,,,,,,,,,,,,,,,,,,,,
JR363,Zollhaus,Gu,0,,,,,,,,,,,,,,,,,,,,,,,,,,,,,,,,,,,,,,,,,,,,,,,,,,,,,,,,,,,,,,,,,,,,,,,,,,,,,,,,,,,,
JR364,Zollhaus,Gu,0,,,,,,,,,,,,,,,,,,,,,,,,,,,,,,,,,,,,,,,,,,,,,,,,,,,,,,,,,,,,,,,,,,,,,,,,,,,,,,,,,,,,
JR365,carrière du Fenalet,UH,208,0,0,204,0,0,0,0,0,0,0,0,0,0,0,4,0,0,0,0,0,0,0,0,0,0,0,0,0,0,0,0,0,0,0,0,0,0,0,0,0,0,0,0,0,0,0,0,0,0,0,0,0,0,0,0,147,0,0,0,0,0,0,2,0,0,0,0,0,13,7,1,0,0,0,0,0,0,1,0,0,0,0,0,0
JR366,carrière du Fenalet,UH,312,1,0,262,0,0,1,0,0,0,0,0,0,0,0,45,0,0,0,0,0,0,0,0,0,0,0,0,0,0,3,0,0,0,0,0,0,0,0,0,0,0,0,0,0,0,0,0,0,0,0,0,0,1,0,0,232,0,0,1,0,0,0,1,0,0,0,0,0,12,0,4,0,0,0,0,0,0,1,0,0,0,0,0,0
JR367,carrière du Fenalet,UH,223,0,0,213,0,0,0,1,1,0,0,0,0,0,0,6,0,0,0,0,0,0,0,0,0,0,0,0,0,0,2,0,0,0,0,0,0,0,0,0,0,0,0,0,0,0,0,0,0,0,0,0,0,0,0,0,173,0,0,1,0,0,0,0,0,0,0,0,0,12,1,0,0,0,0,0,0,0,0,0,0,0,0,0,0
JR368,torrent de Chauffemérande,SM,326,26,2,99,0,1,38,1,0,39,0,0,16,0,0,49,0,2,36,2,0,1,0,0,1,0,0,0,0,0,6,0,0,0,1,0,1,0,0,0,1,0,4,0,0,4,0,0,0,0,1,0,0,31,1,9,97,0,0,0,0,0,0,0,0,0,1,6,0,1,1,0,0,0,0,0,0,0,0,0,0,0,0,0,6
JR369,nant des Manants,VS,314,26,0,151,0,0,10,21,0,32,0,0,7,0,0,50,0,0,8,0,0,0,0,0,0,0,0,0,0,0,9,0,0,0,0,0,0,0,0,0,0,0,0,0,0,0,0,0,0,0,0,0,0,8,0,0,156,0,0,0,0,0,0,1,1,0,0,0,0,3,2,0,0,0,0,0,0,0,2,0,0,0,0,0,3
JR370,torrent de Chauffemérande,SM,308,2,0,244,0,0,1,20,1,5,0,0,2,0,0,28,0,0,0,0,0,0,0,0,0,0,0,0,0,0,3,0,0,0,2,0,0,0,0,0,0,0,0,0,0,0,0,0,0,0,0,0,0,1,0,0,169,0,0,0,0,0,0,0,0,1,0,0,0,0,3,18,0,3,0,0,0,0,3,0,0,0,0,7,5
JR371,torrent de Chauffemérande,SM,316,17,0,28,0,6,84,1,0,29,0,0,40,5,0,36,0,0,54,7,0,2,0,0,0,0,0,0,0,0,0,0,0,0,0,0,0,0,0,0,3,2,1,0,0,1,1,0,0,0,0,0,0,40,3,5,102,0,0,0,0,0,0,1,0,0,1,4,0,0,0,0,0,0,0,0,0,0,0,0,0,0,0,0,6
JR372,Grotte aux Loups,AS,242,21,2,26,0,1,44,7,11,3,0,0,17,0,0,46,0,1,41,4,0,0,0,0,0,0,0,0,0,0,3,0,0,0,0,0,0,0,2,0,6,2,0,0,2,3,0,0,0,0,0,0,0,41,6,7,37,0,0,0,0,0,0,0,1,1,2,0,0,0,0,0,0,0,1,0,0,0,1,0,0,0,0,0,1
JR373,Grotte aux Loups,AS,302,38,3,40,1,0,44,36,2,28,0,0,8,0,0,49,1,3,34,1,1,0,0,1,0,0,0,0,0,0,2,0,0,0,0,0,0,0,5,0,4,0,0,0,0,1,0,0,0,0,0,0,0,45,5,0,32,0,0,0,0,0,0,0,1,1,3,0,1,0,1,0,0,1,0,0,0,1,0,0,0,0,0,0,3
JR374,Grotte aux Loups,AS,304,37,5,44,1,0,41,33,2,15,0,0,11,0,0,35,0,0,19,2,2,41,1,5,0,0,0,0,0,0,1,0,0,0,0,0,0,0,3,0,3,0,1,0,1,1,0,0,0,0,0,0,0,29,3,4,6,0,0,0,0,0,0,0,4,2,2,0,0,2,2,0,0,0,0,0,0,0,0,0,0,0,0,0,5
JR375,Grotte aux Loups,AS,333,46,23,8,2,1,57,1,0,43,0,0,3,0,0,61,1,0,55,3,5,2,0,1,0,0,0,0,0,0,0,0,0,1,0,0,0,1,1,0,13,1,0,0,1,2,1,0,0,0,0,0,0,44,10,4,19,0,0,0,0,0,0,0,2,2,1,1,0,0,1,0,0,0,0,0,0,0,0,0,0,0,0,0,0
JR376,carrière du Fenalet,UH,,,,,,,,,,,,,,,,,,,,,,,,,,,,,,,,,,,,,,,,,,,,,,,,,,,,,,,,,,,,,,,,,,,,,,,,,,,,,,,,,,,,,
