thin section,geological unit,formation,location,section,bed,lithology,date,support
JR1a,Voirons Flysch,Voirons Sandstone Fm.,Saxel inférieur,,17,,,tin section
JR1b,Voirons Flysch,Voirons Sandstone Fm.,Saxel inférieur,,17,,,thin section
JR2,Voirons Flysch,Voirons Sandstone Fm.,carrière de Bons,,10b,,,thin section
JR3,Voirons Flysch,Voirons Sandstone Fm.,carrière de Bons,,5,,,thin section
JR4,Voirons Flysch,Voirons Sandstone Fm.,carrière de Bons,,7,,,thin section
JR5,Voirons Flysch,Voirons Sandstone Fm.,carrière de Bons,,18,,,thin section
JR6,Voirons Flysch,Voirons Sandstone Fm.,carrière de Bons,,18,,,thin section
JR7,Voirons Flysch,Voirons Sandstone Fm.,carrière de Bons,,39,,,thin section
JR8,Voirons Flysch,Voirons Sandstone Fm.,carrière de Bons,,57,,,thin section
JR9,Voirons Flysch,Voirons Sandstone Fm.,carrière de Bons,,58,,,thin section
JR10,Voirons Flysch,Voirons Sandstone Fm.,carrière de Bons,,63,,,thin section
JR11,Voirons Flysch,Voirons Sandstone Fm.,carrière inférieure de Saxel,,2,,2009-10-22,thin section
JR12,Voirons Flysch,Voirons Sandstone Fm.,carrière inférieure de Saxel,,?,,2009-10-22,thin section
JR13,Voirons Flysch,Voirons Sandstone Fm.,carrière inférieure de Saxel,,18,,2009-10-22,thin section
JR14,Voirons Flysch,Voirons Sandstone Fm.,carrière inférieure de Saxel,,15c,,2009-10-22,thin section
JR15,Voirons Flysch,Voirons Sandstone Fm.,carrière inférieure de Saxel,,15c,,2009-10-22,thin section
JR16,Voirons Flysch,Voirons Sandstone Fm.,carrière supérieure de Saxel,Compartiment 2,1,,,thin section
JR17a,Voirons Flysch,Voirons Sandstone Fm.,carrière supérieure de Saxel,Compartiment 2,7,,,thin section
JR17b,Voirons Flysch,Voirons Sandstone Fm.,carrière supérieure de Saxel,Compartiment 2,7,,,thin section
JR18,Voirons Flysch,Voirons Sandstone Fm.,carrière supérieure de Saxel,Compartiment 2,13,,,thin section
JR19,Voirons Flysch,Voirons Sandstone Fm.,carrière supérieure de Saxel,Compartiment 1,3g,,,thin section
JR20a,Voirons Flysch,Voirons Sandstone Fm.,carrière supérieure de Saxel,Compartiment 1,17,,,thin section
JR20b,Voirons Flysch,Voirons Sandstone Fm.,carrière supérieure de Saxel,Compartiment 1,17,,,thin section
JR21,Voirons Flysch,Voirons Sandstone Fm.,carrière supérieure de Saxel,Compartiment 1,18b,,,thin section
JR22,Voirons Flysch,Allinges Sandstone Mb.,petite carrière d’Allinges,,base,,2009-12-15,thin section
JR23,Voirons Flysch,Allinges Sandstone Mb.,petite carrière d’Allinges,,av. lamines,,2009-12-15,thin section
JR24,Voirons Flysch,Allinges Sandstone Mb.,sentier du château 1,,,,2009-12-15,thin section
JR25,Voirons Flysch,Allinges Sandstone Mb.,sentier du château 2,,,,2009-12-15,thin section
JR26,Voirons Flysch,Allinges Sandstone Mb.,sentier du château 2,,,,2009-12-15,thin section
JR27,Voirons Flysch,Allinges Sandstone Mb.,sentier du château,,x,clast,2009-12-15,thin section
JR28,Voirons Flysch,Allinges Sandstone Mb.,chemin de la Maladière,Flanc Sud,x,clast,2009-12-15,thin section
JR29,Voirons Flysch,Allinges Sandstone Mb.,Château-Neuf d’Allinges,,x,clast,2009-12-15,thin section
JR30,Voirons Flysch,Allinges Sandstone Mb.,chemin de la Maladière,Flanc Sud,x,clast,2009-12-15,thin section
JR31,Voirons Flysch,Allinges Sandstone Mb.,chemin de la Maladière,Flanc Sud,x,clast,2009-12-15,thin section
JR32,Voirons Flysch,Boëge Marl Fm.,torrent de Saxel,,?,,2010-04-20,thin section
JR33,Voirons Flysch,Vouan Conglomerate Fm.,D20 – talus 902,,?,clast,2010-04-16,thin section
JR34,Voirons Flysch,Vouan Conglomerate Fm.,D20 – talus 902,,?,clast,2010-04-16,thin section
JR35,Voirons Flysch,Vouan Conglomerate Fm.,D20 – talus 902,,?,clast,2010-04-16,thin section
JR36,Voirons Flysch,Voirons Sandstone Fm.,carrière inférieure de Saxel,,Remblais,,2010-04-16,thin section
JR37,Voirons Flysch,Voirons Sandstone Fm.,carrière inférieure de Saxel,,Remblais,,2010-04-16,thin section
JR38,Voirons Flysch,Voirons Sandstone Fm.,carrière de Bons,,Remblais,,2010-04-16,thin section
JR39,Voirons Flysch,Boëge Marl Fm.,torrent de Saxel,Affleurement 990,80,,2010-04-25,thin section
JR40,Voirons Flysch,Boëge Marl Fm.,torrent de Saxel,Affleurement 990,84,,2010-04-25,thin section
JR41,Voirons Flysch,Boëge Marl Fm.,torrent de Saxel,Niche d'arrachement 975,70,,2010-04-25,thin section
JR42,Voirons Flysch,Boëge Marl Fm.,torrent de Saxel,Niche d'arrachement 975,69,,2010-04-25,thin section
JR43,Voirons Flysch,Boëge Marl Fm.,Supersaxel,,Remblais,,2010-04-25,thin section
JR44,Voirons Flysch,Boëge Marl Fm.,Torrent de Saxel,Annulé,,marl,2010-04-18,
JR45,Voirons Flysch,Voirons Sandstone Fm.,carrière inférieure de Saxel,,Remblais,,2010-04-16,thin section
JR46,Voirons Flysch,Boëge Marl Fm.,torrent de Saxel,Partie inférieure,,clast,2010-05-14,thin section
JR47,Voirons Flysch,Vouan Conglomerate Fm.,la Salle 1,,x,,2010-05-14,thin section
JR48,Voirons Flysch,Voirons Sandstone Fm.,route des Monastères,,8d,,2010-05-17,thin section
JR49a,Voirons Flysch,Voirons Sandstone Fm.,Conglomérat du Signal,,x,clast,2010-05-17,thin section
JR49b,Voirons Flysch,Voirons Sandstone Fm.,Conglomérat du Signal,,x,clast,2010-05-17,thin section
JR50,Voirons Flysch,Voirons Sandstone Fm.,Conglomérat du Signal,,x,,2010-05-17,thin section
JR51,Voirons Flysch,Voirons Sandstone Fm.,Crête des Voirons,?,x,,2010-05-17,thin section
JR52,Voirons Flysch,Voirons Sandstone Fm.,pointe de Brantaz,,114,clast,2010-05-17,thin section
JR53,Voirons Flysch,Boëge Marl Fm.,torrent de Saxel,Partie inférieure 1,5 (base),,22/05/2010,thin section
JR54,Voirons Flysch,Boëge Marl Fm.,torrent de Saxel,Partie inférieure 1,5 (sommet),,22/05/2010,thin section
JR55,Voirons Flysch,Boëge Marl Fm.,torrent de Saxel,Partie inférieure 2,4e,,22/05/2010,thin section
JR56,Voirons Flysch,Boëge Marl Fm.,torrent de Saxel,Partie inférieure 2,4c,,22/05/2010,thin section
JR57,Voirons Flysch,Boëge Marl Fm.,torrent de Saxel,Partie inférieure 2,1b,,22/05/2010,thin section
JR58,Voirons Flysch,Vouan Conglomerate Fm.,Saxel Eglise,,?,,22/05/2010,thin section
JR59,Voirons Flysch,Vouan Conglomerate Fm.,la Salle 2,,x,,22/05/2010,thin section
JR60,Voirons Flysch,Boëge Marl Fm.,D20 - Bovet/Rollin,Torrent,2,,24/05/2010,thin section
JR61,Voirons Flysch,Boëge Marl Fm.,D20 - Bovet/Rollin,Torrent,1,,24/05/2010,thin section
JR62,Voirons Flysch,Boëge Marl Fm.,D20 - Bovet/Rollin,Route,3,,24/05/2010,thin section
JR63,Voirons Flysch,Boëge Marl Fm.,torrent Chez le Merizier,,?,,24/05/2010,thin section
JR64,Voirons Flysch,Vouan Conglomerate Fm.,ruisseau du Rafort,,?,,24/05/2010,thin section
JR65,Voirons Flysch,Boëge Marl Fm.,torrent de Saxel,,66,,04/06/2010,thin section
JR66,Voirons Flysch,Boëge Marl Fm.,torrent de Saxel,,66,,04/06/2010,thin section
JR67,Voirons Flysch,Boëge Marl Fm.,torrent de Saxel,,63,,04/06/2010,thin section
JR68,Voirons Flysch,Boëge Marl Fm.,torrent de Saxel,,61,,04/06/2010,thin section
JR69,Voirons Flysch,Boëge Marl Fm.,torrent de Saxel,,55,,04/06/2010,thin section
JR70,Voirons Flysch,Boëge Marl Fm.,torrent de Saxel,,51,,04/06/2010,thin section
JR71,Voirons Flysch,Boëge Marl Fm.,torrent de Saxel,,50,,04/06/2010,thin section
JR72,Voirons Flysch,Boëge Marl Fm.,torrent de Saxel,,48,,04/06/2010,thin section
JR73,Voirons Flysch,Boëge Marl Fm.,torrent de Saxel,,45,,04/06/2010,thin section
JR74,Voirons Flysch,Boëge Marl Fm.,torrent de Saxel,,44b,,04/06/2010,thin section
JR75,Voirons Flysch,Boëge Marl Fm.,route de Supersaxel,,8,,05/06/2010,thin section
JR76,Voirons Flysch,Boëge Marl Fm.,route de Supersaxel,,5,,05/06/2010,thin section
JR76bis,Voirons Flysch,Boëge Marl Fm.,torrent de Supersaxel,,?,,05/06/2010,thin section
JR77a,Voirons Flysch,Boëge Marl Fm.,torrent de Supersaxel,,8,,05/06/2010,thin section
JR77b,Voirons Flysch,Boëge Marl Fm.,torrent de Supersaxel,,8,,05/06/2010,thin section
JR78,Voirons Flysch,Boëge Marl Fm.,torrent de Supersaxel,,10,,05/06/2010,thin section
JR79,Voirons Flysch,Boëge Marl Fm.,torrent de Supersaxel,,12d,,05/06/2010,thin section
JR80,Voirons Flysch,Voirons Sandstone Fm.,la Parire,,x,,12/06/2010,thin section
JR81,Voirons Flysch,Voirons Sandstone Fm.,D20 - 820,A REMPLACER,13a,,19/06/2010,thin section
JR82,Voirons Flysch,Voirons Sandstone Fm.,D20 - 820,A REMPLACER,13a,,19/06/2010,thin section
JR83,Voirons Flysch,Voirons Sandstone Fm.,D20 - 820,A REMPLACER,16a,,19/06/2010,thin section
JR84,Voirons Flysch,Voirons Sandstone Fm.,route des Monastères,,5a,,26/06/2010,thin section
JR85,Voirons Flysch,Voirons Sandstone Fm.,route des Monastères,,7,,26/06/2010,thin section
JR86,Voirons Flysch,Voirons Sandstone Fm.,route des Monastères,,10,,26/06/2010,thin section
JR87,Voirons Flysch,Voirons Sandstone Fm.,route des Monastères,,12,,26/06/2010,thin section
JR88,Voirons Flysch,Voirons Sandstone Fm.,Conglomérat du Signal,,,,26/06/2010,thin section
JR89,Voirons Flysch,Voirons Sandstone Fm.,route des Monastères,,15,,27/06/2010,thin section
JR90,Voirons Flysch,Voirons Sandstone Fm.,le Planet,,54,,04/07/2010,thin section
JR91,Voirons Flysch,Voirons Sandstone Fm.,le Planet,,56,,04/07/2010,thin section
JR92,Voirons Flysch,Voirons Sandstone Fm.,le Planet,,62,,04/07/2010,thin section
JR93a,Voirons Flysch,Voirons Sandstone Fm.,torrent de Curseilles,,,clast,11/07/2010,thin section
JR93b,Voirons Flysch,Voirons Sandstone Fm.,torrent de Curseilles,,,clast,11/07/2010,thin section
JR93c,Voirons Flysch,Voirons Sandstone Fm.,torrent de Curseilles,,,clast,11/07/2010,thin section
JR94,Voirons Flysch,Vouan Conglomerate Fm.,torrent de Curseilles,Section 3,179,,11/07/2010,thin section
JR95,Voirons Flysch,Vouan Conglomerate Fm.,torrent de Curseilles,Section 3,175,,11/07/2010,thin section
JR96,Voirons Flysch,Voirons Sandstone Fm.,torrent de Curseilles,Section 4,159,,18/07/2010,thin section
JR97,Voirons Flysch,Voirons Sandstone Fm.,torrent de Curseilles,Section 4,160d,,18/07/2010,thin section
JR98,Voirons Flysch,Voirons Sandstone Fm.,torrent de Curseilles,Section 4,163,,18/07/2010,thin section
JR99,Voirons Flysch,Voirons Sandstone Fm.,torrent de Curseilles,Section 4,164,,18/07/2010,thin section
JR100,Voirons Flysch,Voirons Sandstone Fm.,torrent de Curseilles,Section 4,167,,18/07/2010,thin section
JR101,Voirons Flysch,Voirons Sandstone Fm.,torrent de Curseilles,Section 4,168,,18/07/2010,thin section
JR102,Voirons Flysch,Voirons Sandstone Fm.,Signal des Voirons ,,?,,20/07/2010,thin section
JR103,Voirons Flysch,Voirons Sandstone Fm.,Signal des Voirons ,A REMPLACER,?,clast,20/07/2010,thin section
JR104,Voirons Flysch,Voirons Sandstone Fm.,Signal des Voirons ,,?,clast,20/07/2010,thin section
JR105,Voirons Flysch,Voirons Sandstone Fm.,crête des Voirons (Signal-Brantaz),?,?,,20/07/2010,thin section
JR106,Voirons Flysch,Voirons Sandstone Fm.,pointe du Pralaire,,126,,20/07/2010,thin section
JR107,Voirons Flysch,Voirons Sandstone Fm.,la Roche aux Corbeaux,,155,,20/07/2010,thin section
JR108,Voirons Flysch,Voirons Sandstone Fm.,torrent de Curseilles,Section 3,181a,,24/07/2010,thin section
JR109,Voirons Flysch,Voirons Sandstone Fm.,torrent de Curseilles,Section 3,182,,24/07/2010,thin section
JR110,Voirons Flysch,Voirons Sandstone Fm.,torrent de Curseilles,Section 3,186,,24/07/2010,thin section
JR111,Voirons Flysch,Voirons Sandstone Fm.,torrent de Curseilles,Section 3,202,,26/07/2010,thin section
JR112,Voirons Flysch,Voirons Sandstone Fm.,torrent de Curseilles,Section 3,203,,26/07/2010,thin section
JR113,Voirons Flysch,Voirons Sandstone Fm.,torrent de Curseilles,Section 3,205,,26/07/2010,thin section
JR114,Voirons Flysch,Voirons Sandstone Fm.,torrent de Curseilles,Section 3,208,,26/07/2010,thin section
JR115,Voirons Flysch,Voirons Sandstone Fm.,torrent de Curseilles,Section 3,213,,26/07/2010,thin section
JR116,Voirons Flysch,Voirons Sandstone Fm.,torrent de Curseilles,Section 3,215,,26/07/2010,thin section
JR117,Voirons Flysch,Voirons Sandstone Fm.,torrent de Curseilles,Section 3,223,,26/07/2010,thin section
JR118,Voirons Flysch,Voirons Sandstone Fm.,torrent de Curseilles,Section 3,216-217,marl,26/07/2010,forams
JR119,Voirons Flysch,Voirons Sandstone Fm.,torrent de Curseilles,Section 3,217,,26/07/2010,thin section
JR120,Voirons Flysch,Voirons Sandstone Fm.,torrent de Curseilles,Section 4,229,,26/07/2010,thin section
JR121,Voirons Flysch,Voirons Sandstone Fm.,torrent de Curseilles,Section 4,237,,26/07/2010,thin section
JR122,Voirons Flysch,Voirons Sandstone Fm.,torrent de Curseilles,Section 4,252,,26/07/2010,thin section
JR123,Voirons Flysch,Voirons Sandstone Fm.,torrent de Curseilles,Section 4,249,,27/07/2010,thin section
JR124,Voirons Flysch,Voirons Sandstone Fm.,torrent de Curseilles,Section 4,248,,27/07/2010,thin section
JR125,Voirons Flysch,Voirons Sandstone Fm.,torrent de Curseilles,Section 4,259,,05/08/2010,thin section
JR126,Voirons Flysch,Voirons Sandstone Fm.,torrent de Curseilles,Section 4,284,,05/08/2010,thin section
JR127,Voirons Flysch,Voirons Sandstone Fm.,torrent de Curseilles,Section 4,291,,05/08/2010,thin section
JR128,Voirons Flysch,Voirons Sandstone Fm.,torrent de Curseilles,Section 4,292,,05/08/2010,thin section
JR129,Voirons Flysch,Voirons Sandstone Fm.,torrent de Curseilles,Section 4,278,,05/08/2010,thin section
JR130,Voirons Flysch,Voirons Sandstone Fm.,torrent de Curseilles,Section 4,295,,05/08/2010,thin section
JR131,Voirons Flysch,Voirons Sandstone Fm.,torrent de Curseilles,Section 4,285b,,05/08/2010,thin section
JR132,Voirons Flysch,Voirons Sandstone Fm.,torrent de Curseilles,Section 4,287,quartz,05/08/2010,thin section
JR133a,Voirons Flysch,Voirons Sandstone Fm.,torrent de Curseilles,Section 4,290,clast,05/08/2010,thin section
JR133b,Voirons Flysch,Voirons Sandstone Fm.,torrent de Curseilles,Section 4,290,clast,05/08/2010,thin section
JR133c,Voirons Flysch,Voirons Sandstone Fm.,torrent de Curseilles,Section 4,290,clast,05/08/2010,thin section
JR134,Voirons Flysch,Voirons Sandstone Fm.,torrent de Curseilles,Section 4,288,,05/08/2010,thin section
JR135,Voirons Flysch,Voirons Sandstone Fm.,torrent de Curseilles,Section 4,290,,05/08/2010,thin section
JR136,Voirons Flysch,Boëge Marl Fm.,Burdignin,,?,,08/08/2010,thin section
JR137,Voirons Flysch,Boëge Marl Fm.,Burdignin,,?,,08/08/2010,thin section
JR138,Voirons Flysch,Boëge Marl Fm.,Burdignin,,?,,08/08/2010,thin section
JR139,Voirons Flysch,Boëge Marl Fm.,torrent de la Combe Ecuer,,?,,08/08/2010,thin section
JR140,Voirons Flysch,Voirons Sandstone Fm.,Granges Gaillard 1,,?,,11/08/2010,thin section
JR141,Voirons Flysch,Voirons Sandstone Fm.,Granges Gaillard 1,,?,,11/08/2010,thin section
JR142,Voirons Flysch,Voirons Sandstone Fm.,D50,,?,,11/08/2010,thin section
JR143,Voirons Flysch,Voirons Sandstone Fm.,D50,,?,,11/08/2010,thin section
JR144,Voirons Flysch,Voirons Sandstone Fm.,la Coterie,,x,,11/08/2010,thin section
JR144bis,Voirons Flysch,Voirons Sandstone Fm.,crête des Voirons 2,,16,,13/08/2010,thin section
JR145,Voirons Flysch,Voirons Sandstone Fm.,crête des Voirons 2,,17,,13/08/2010,thin section
JR146,Voirons Flysch,Voirons Sandstone Fm.,crête des Voirons 2,,19,,13/08/2010,thin section
JR147,Voirons Flysch,Voirons Sandstone Fm.,crête des Voirons 2,,20,,13/08/2010,thin section
JR148,Voirons Flysch,Voirons Sandstone Fm.,crête des Voirons 2,,22,,13/08/2010,thin section
JR149,Voirons Flysch,Voirons Sandstone Fm.,crête des Voirons 2,,24,,13/08/2010,thin section
JR150,Voirons Flysch,Voirons Sandstone Fm.,crête des Voirons 3,,26,,13/08/2010,thin section
JR151,Voirons Flysch,Voirons Sandstone Fm.,crête des Voirons 3,,28,,13/08/2010,thin section
JR152,Voirons Flysch,Voirons Sandstone Fm.,crête des Voirons 3,,30,,13/08/2010,thin section
JR153,Voirons Flysch,Voirons Sandstone Fm.,crête des Voirons 3,,33,,13/08/2010,thin section
JR154,Voirons Flysch,Voirons Sandstone Fm.,Saut de la Pucelle,,35d,,13/08/2010,thin section
JR155,Voirons Flysch,Voirons Sandstone Fm.,Saut de la Pucelle,,36a,,13/08/2010,thin section
JR156,Voirons Flysch,Voirons Sandstone Fm.,Saut de la Pucelle,,38b,,13/08/2010,thin section
JR157,Voirons Flysch,Voirons Sandstone Fm.,Saut de la Pucelle,,38c,,13/08/2010,thin section
JR158,Voirons Flysch,Voirons Sandstone Fm.,Saut de la Pucelle,,40,,13/08/2010,thin section
JR159,Voirons Flysch,Voirons Sandstone Fm.,Saut de la Pucelle,,42b,,13/08/2010,thin section
JR160,Voirons Flysch,Voirons Sandstone Fm.,crête des Voirons 4,,60,,17/08/2010,thin section
JR161,Voirons Flysch,Voirons Sandstone Fm.,crête des Voirons 4,,54,,17/08/2010,thin section
JR162,Voirons Flysch,Voirons Sandstone Fm.,crête des Voirons 4,,48,,17/08/2010,thin section
JR163,Voirons Flysch,Voirons Sandstone Fm.,crête des Voirons 6,,106,,17/08/2010,thin section
JR164,Voirons Flysch,Voirons Sandstone Fm.,crête des Voirons 6,,108,,17/08/2010,thin section
JR165,Voirons Flysch,Voirons Sandstone Fm.,crête des Voirons 5,,64,,18/08/2010,thin section
JR166,Voirons Flysch,Voirons Sandstone Fm.,crête des Voirons 5,,67a,,18/08/2010,thin section
JR167,Voirons Flysch,Voirons Sandstone Fm.,crête des Voirons 5,,67b,,18/08/2010,thin section
JR168,Voirons Flysch,Voirons Sandstone Fm.,crête des Voirons 5,,67c,,18/08/2010,thin section
JR169,Voirons Flysch,Voirons Sandstone Fm.,crête des Voirons 5,,70,,18/08/2010,thin section
JR170,Voirons Flysch,Voirons Sandstone Fm.,crête des Voirons 5,,81,,18/08/2010,thin section
JR171,Voirons Flysch,Voirons Sandstone Fm.,crête des Voirons 5,,103a,,18/08/2010,thin section
JR172,Voirons Flysch,Voirons Sandstone Fm.,crête des Voirons 5,,105,,18/08/2010,thin section
JR173,Voirons Flysch,Voirons Sandstone Fm.,pointe de Brantaz,,6?,,18/08/2010,thin section
JR174,Voirons Flysch,Voirons Sandstone Fm.,pointe de Brantaz,,x,Bloc erratique,18/08/2010,thin section
JR175,Voirons Flysch,Voirons Sandstone Fm.,crête des Voirons 8,,120,,25/08/2010,thin section
JR176,Voirons Flysch,Voirons Sandstone Fm.,crête des Voirons 8,,125,,25/08/2010,thin section
JR177,Voirons Flysch,Voirons Sandstone Fm.,crête des Voirons 8,,x,Calcaire + Granite rose,25/08/2010,thin section
JR178,Voirons Flysch,Voirons Sandstone Fm.,crête des Voirons 8,,15,,25/08/2010,thin section
JR179,Voirons Flysch,Voirons Sandstone Fm.,crête des Voirons 7,,135,,25/08/2010,thin section
JR180,Voirons Flysch,Voirons Sandstone Fm.,crête des Voirons 7,,133,,25/08/2010,thin section
JR181,Helvetic,Urgonian,Vallon Pont d'Arc,,x,,04/09/2010,thin section
JR182,Helvetic,Urgonian,Vallon Pont d'Arc,,x,,04/09/2010,thin section
JR183,Helvetic,Urgonian,Vallon Pont d'Arc,,x,,04/09/2010,thin section
JR184,Voirons Flysch,Voirons Sandstone Fm.,la Roche aux Corbeaux,,140,,12/09/2010,thin section
JR185,Voirons Flysch,Voirons Sandstone Fm.,la Roche aux Corbeaux,,143,,12/09/2010,thin section
JR186,Voirons Flysch,Voirons Sandstone Fm.,la Roche aux Corbeaux,,145,,12/09/2010,thin section
JR187,Voirons Flysch,Voirons Sandstone Fm.,la Roche aux Corbeaux,,147a,,12/09/2010,thin section
JR188,Voirons Flysch,Voirons Sandstone Fm.,la Roche aux Corbeaux,,147c,,12/09/2010,thin section
JR189,Voirons Flysch,Voirons Sandstone Fm.,la Roche aux Corbeaux,,148,,12/09/2010,thin section
JR190,Voirons Flysch,Voirons Sandstone Fm.,la Roche aux Corbeaux,,?,,13/09/2010,thin section
JR191,Niesen nappe,Niesen,Lame d'Oudiot,,x,,17/09/2010,thin section
JR192,Niesen nappe,Niesen,?,,x,,17/09/2010,thin section
JR193,Niesen nappe,Infra Niesen,Gsteig,,x,,17/09/2010,thin section
JR194,Niesen nappe,Infra Niesen,Gsteig,,x,,17/09/2010,thin section
JR195,Niesen nappe,Infra Niesen,Gsteig,,x,,17/09/2010,thin section
JR196,Niesen nappe,Flysch tertiaire,Gstaad,,x,,17/09/2010,thin section
JR196bis,Niesen nappe,Lentille de Trom,Gstaad,,x,,17/09/2010,thin section
JR197,Niesen nappe,Lentille de Trom,Gstaad,,x,,17/09/2010,thin section
JR198,Niesen nappe,Lentille de Trom,Gstaad,,x,,17/09/2010,thin section
JR199,Niesen nappe,Lentille de Trom,Gstaad,,x,,17/09/2010,thin section
JR200,Niesen nappe,Zone des cols,Diablerets,,x,Lentille calcaire,18/09/2010,thin section
JR201bis,Niesen nappe,Zone des cols,Diablerets,,x,Matrice,18/09/2010,thin section
JR201,Niesen nappe,Flysch Meilleret,Forclaz (Vaud),,x,,18/09/2010,thin section
JR202,Niesen nappe,Flysch Meilleret,Forclaz (Vaud),,x,,18/09/2010,thin section
JR203,Voirons Flysch,Voirons Sandstone Fm.,la Moutonnière,Compartiment 2,85a,,23/09/2010,thin section
JR204,Voirons Flysch,Voirons Sandstone Fm.,la Moutonnière,Compartiment 2,83a,,23/09/2010,thin section
JR205,Voirons Flysch,Voirons Sandstone Fm.,la Moutonnière,Compartiment 2,82,,23/09/2010,thin section
JR206,Voirons Flysch,Voirons Sandstone Fm.,la Moutonnière,Compartiment 2,74,,23/09/2010,thin section
JR207,Voirons Flysch,Voirons Sandstone Fm.,la Moutonnière,Compartiment 2,71,,23/09/2010,thin section
JR208,Voirons Flysch,Voirons Sandstone Fm.,la Moutonnière,Compartiment 2,66,,23/09/2010,thin section
JR209,Voirons Flysch,Voirons Sandstone Fm.,la Moutonnière,Compartiment 2,65,,23/09/2010,thin section
JR210,Voirons Flysch,Voirons Sandstone Fm.,la Moutonnière,Compartiment 2,64,,24/09/2010,thin section
JR211,Voirons Flysch,Vouan Conglomerate Fm.,torrent de Curseilles,,,,16/03/2011,thin section
JR212,Voirons Flysch,Voirons Sandstone Fm.,la Moutonnière,Compartiment 2,,,23/03/2011,thin section
JR213,Voirons Flysch,Voirons Sandstone Fm.,la Moutonnière,Compartiment 1,8,,25/03/2011,thin section
JR214,Voirons Flysch,Voirons Sandstone Fm.,la Moutonnière,Compartiment 1,18a,,25/03/2011,thin section
JR215,Voirons Flysch,Voirons Sandstone Fm.,la Moutonnière,Compartiment 2,31,,25/03/2011,thin section
JR216,Voirons Flysch,Voirons Sandstone Fm.,torrent de Curseilles,Section 1,2,,13/04/2011,thin section
JR217,Voirons Flysch,Voirons Sandstone Fm.,torrent de Curseilles,Section 1,3,,13/04/2011,thin section
JR218,Voirons Flysch,Voirons Sandstone Fm.,torrent de Curseilles,Section 1,15,,13/04/2011,thin section
JR219,Voirons Flysch,Voirons Sandstone Fm.,torrent de Curseilles,Section 1,25,,15/04/2011,thin section
JR220,Voirons Flysch,Voirons Sandstone Fm.,torrent de Curseilles,Section 1,34e,,15/04/2011,thin section
JR221,Voirons Flysch,Voirons Sandstone Fm.,torrent de Curseilles,Section 1,37,,15/04/2011,thin section
JR222,Voirons Flysch,Voirons Sandstone Fm.,torrent de Curseilles,Section 2,43,,15/04/2011,thin section
JR223,Voirons Flysch,Voirons Sandstone Fm.,torrent de Curseilles,Section 2,60,,15/04/2011,thin section
JR224,Voirons Flysch,Vouan Conglomerate Fm.,torrent de Curseilles,Meulières,,,17/04/2011,thin section
JR225,Voirons Flysch,Vouan Conglomerate Fm.,torrent de Curseilles,Meulières,4,,17/04/2011,thin section
JR226,Voirons Flysch,Vouan Conglomerate Fm.,torrent de Curseilles,Meulières,1,,17/04/2011,thin section
JR227,Voirons Flysch,Voirons Sandstone Fm.,torrent de Curseilles,Section 2,68,,20/04/2011,thin section
JR228,Voirons Flysch,Voirons Sandstone Fm.,torrent de Curseilles,Section 2,69a,,20/04/2011,thin section
JR229,Voirons Flysch,Voirons Sandstone Fm.,torrent de Curseilles,Section 2,73,,20/04/2011,thin section
JR230,Voirons Flysch,Voirons Sandstone Fm.,torrent de Curseilles,Section 2,80e,,20/04/2011,thin section
JR231,Voirons Flysch,Vouan Conglomerate Fm.,torrent de Curseilles,Section 3,146,,20/04/2011,thin section
JR232,Voirons Flysch,Voirons Sandstone Fm.,torrent de Curseilles,Section 2,92,,25/04/2011,thin section
JR233,Voirons Flysch,Voirons Sandstone Fm.,torrent de Curseilles,Section 2,95,,25/04/2011,thin section
JR234,Voirons Flysch,Voirons Sandstone Fm.,torrent de Curseilles,Section 2,98,,25/04/2011,thin section
JR235,Voirons Flysch,Voirons Sandstone Fm.,torrent de Curseilles,Section 2,104a,,25/04/2011,thin section
JR236,Voirons Flysch,Voirons Sandstone Fm.,torrent de Curseilles,Section 2,117b,,25/04/2011,thin section
JR237,Voirons Flysch,Vouan Conglomerate Fm.,Château de la Rochette,Torrent,,,01/05/2011,thin section
JR238,Voirons Flysch,Voirons Sandstone Fm.,la Renardière,Chemin,,,07/05/2011,thin section
JR239,Voirons Flysch,Voirons Sandstone Fm.,la Renardière,Coupe de Bois,,,07/05/2011,thin section
JR240,Voirons Flysch,Vouan Conglomerate Fm.,meulières de Grand Gueule,,4b,,11/05/2011,thin section
JR241,Voirons Flysch,Vouan Conglomerate Fm.,meulières de Grand Gueule,,4c,clast,11/05/2011,thin section
JR242,Voirons Flysch,Vouan Conglomerate Fm.,meulières à Vachat,,,,11/05/2011,thin section
JR243,Voirons Flysch,Vouan Conglomerate Fm.,meulières à Vachat,,,clast,11/05/2011,thin section
JR244,Voirons Flysch,Vouan Conglomerate Fm.,meulières à Vachat,,,clast,11/05/2011,thin section
JR245,Voirons Flysch,Vouan Conglomerate Fm.,meulières à Vachat,,,clast,11/05/2011,thin section
JR246,Voirons Flysch,Vouan Conglomerate Fm.,meulières à Vachat,,,clast,11/05/2011,thin section
JR247,Voirons Flysch,Vouan Conglomerate Fm.,meulières à Vachat,,,clast,11/05/2011,thin section
JR248,Voirons Flysch,Vouan Conglomerate Fm.,meulières à Vachat,,,clast,11/05/2011,thin section
JR249,Gurnigel Flysch,,Fayaux 1,,,,,thin section
JR250,Gurnigel Flysch,,Fayaux 1,,,,,thin section
JR251,Gurnigel Flysch,,Fayaux 1,,,,,thin section
JR252,Voirons Flysch,Boëge Marl Fm.,torrent de Chauffemérande,Section 1,1,,,thin section
JR253,Voirons Flysch,Boëge Marl Fm.,torrent de Chauffemérande,Section 1,2,,,thin section
JR254,Voirons Flysch,Boëge Marl Fm.,torrent de Chauffemérande,Section 1,3,,,thin section
JR255,Voirons Flysch,Boëge Marl Fm.,torrent de Chauffemérande,Section 1,4,,,thin section
JR256,Voirons Flysch,Boëge Marl Fm.,torrent de Chauffemérande,Section 1,9,,,thin section
JR257,Voirons Flysch,Boëge Marl Fm.,les Chaix,,,,11/08/2011,thin section
JR258,Voirons Flysch,Boëge Marl Fm.,les Chaix,,,,11/08/2011,thin section
JR259,Voirons Flysch,Boëge Marl Fm.,les Chaix,,,,11/08/2011,thin section
JR260,Voirons Flysch,Boëge Marl Fm.,les Chaix,,,,11/08/2011,thin section
JR261,Voirons Flysch,Boëge Marl Fm.,les Chaix,,,,11/08/2011,thin section
JR262,Préalpes Médianes nappe,Médianes - j1B,Bogève,,,,11/08/2011,thin section
JR263,Préalpes Médianes nappe,Médianes - l1,les Eaux,,,,11/08/2011,thin section
JR264,Voirons Flysch,Vouan Conglomerate Fm.,carrière de Saint André,ou manant ?,1,,20/10/2011,thin section
JR265,Voirons Flysch,Vouan Conglomerate Fm.,carrière de Saint André,ou manant ?,5,clast,20/10/2011,thin section
JR266,Voirons Flysch,Bruant Sandstone Fm.,la Chavanne (Burdignin),,,,27/03/2011,thin section
JR267,Voirons Flysch,Bruant Sandstone Fm.,torrent de Carraz,bord de route,,,27/03/2011,thin section
JR268,Voirons Flysch,Bruant Sandstone Fm.,torrent de Carraz,bord de route,,,27/03/2011,thin section
JR269,Voirons Flysch,Bruant Sandstone Fm.,torrent de Carraz,torrent,,,27/03/2011,thin section
JR270,Voirons Flysch,Bruant Sandstone Fm.,torrent de Carraz,torrent,,,27/03/2011,thin section
JR271,Voirons Flysch,Bruant Sandstone Fm.,Burdignin,,,,27/03/2011,thin section
JR272,Voirons Flysch,Voirons Sandstone Fm.,carrière de Fillinges 2,,,,09/04/2012,thin section
JR273,Voirons Flysch,Voirons Sandstone Fm.,carrière de Fillinges 2,,,,09/04/2012,thin section
JR274,Voirons Flysch,Voirons Sandstone Fm.,carrière de Fillinges 2,,,,09/04/2012,thin section
JR275,Voirons Flysch,Voirons Sandstone Fm.,carrière de Fillinges 2,,,,09/04/2012,thin section
JR276,Voirons Flysch,Voirons Sandstone Fm.,carrière de Fillinges 2,,,,09/04/2012,thin section
JR277,Voirons Flysch,Voirons Sandstone Fm.,carrière de Fillinges 2,,,,09/04/2012,thin section
JR278,Voirons Flysch,Boëge Marl Fm.,torrent Chez le Merizier,Avant le pont,10,,29/04/2012,thin section
JR279,Voirons Flysch,Boëge Marl Fm.,torrent Chez le Merizier,Avant le pont,2,,29/04/2012,thin section
JR280,Voirons Flysch,Boëge Marl Fm.,torrent Chez le Merizier,Dalles de marnes,23,,29/04/2012,thin section
JR281,Voirons Flysch,Boëge Marl Fm.,torrent Chez le Merizier,Avant le pli,34,,29/04/2012,thin section
JR282,Voirons Flysch,Boëge Marl Fm.,torrent Chez Rollin,Entrée du torrent,18,,29/04/2012,thin section
JR283,Voirons Flysch,Boëge Marl Fm.,torrent Chez Rollin,Flanc aval du pli,46,,07/05/2012,thin section
JR284,Voirons Flysch,Boëge Marl Fm.,torrent Chez Rollin,Flanc aval du pli,75,,07/05/2012,thin section
JR285,Voirons Flysch,Voirons Sandstone Fm.,nant des Manants,,?,,14/05/2012,thin section
JR286,Voirons Flysch,Voirons Sandstone Fm.,les Grands Bois 1,-,8,,17/06/2012,thin section
JR287,Voirons Flysch,Allinges Sandstone Mb.,Rocher d'escalade,-,2-3,marl,23/06/2012,forams
JR288,Voirons Flysch,Allinges Sandstone Mb.,Rocher d'escalade,-,3,,23/06/2012,thin section
JR289,Voirons Flysch,Allinges Sandstone Mb.,Rocher d'escalade,-,3-4,marl,23/06/2012,forams
JR290,Voirons Flysch,Voirons Sandstone Fm.,Monastère de Bethléem,-,1,marl,24/06/2012,forams
JR291,Voirons Flysch,Voirons Sandstone Fm.,Monastère de Bethléem,-,1-2,bentonite,24/06/2012,thin section
JR292,Voirons Flysch,Voirons Sandstone Fm.,Monastère de Bethléem,-,2,marl,24/06/2012,forams
JR293,Voirons Flysch,Bruant Sandstone Fm.,torrent de Carraz,bord de route,,,27/03/2012,thin section
JR294,Voirons Flysch,Voirons Sandstone Fm.,les Grands Bois 1,,27,,27/06/2012,thin section
JR295,Voirons Flysch,Voirons Sandstone Fm.,les Grands Bois 1,,31,,27/06/2012,thin section
JR296,Voirons Flysch,Voirons Sandstone Fm.,les Grands Bois 1,,37-38,marl,27/06/2012,forams
JR297,Voirons Flysch,Voirons Sandstone Fm.,les Grands Bois 1,,40,,27/06/2012,thin section
JR298,Voirons Flysch,Voirons Sandstone Fm.,les Grands Bois 1,,35,,27/06/2012,thin section
JR299,Voirons Flysch,Voirons Sandstone Fm.,les Grands Bois 1,,52,,27/06/2012,thin section
JR300,Voirons Flysch,Bruant Sandstone Fm.,Grande Combe,chemin forestier boueux,,,,thin section
JR301,Voirons Flysch,Boëge Marl Fm.,Grange Sauthier,,31-32,marl,02/09/2012,forams
JR302,Voirons Flysch,Boëge Marl Fm.,Grange Sauthier,,2,,02/09/2012,thin section
JR303,Voirons Flysch,Voirons Sandstone Fm.,Saut de la Pucelle,,1,,03/09/2012,thin section
JR304,Voirons Flysch,Voirons Sandstone Fm.,Saut de la Pucelle,,35a,,03/09/2012,thin section
JR305,Voirons Flysch,Bruant Sandstone Fm.,Rau Bruant,Section 1,,,08/09/2012,thin section
JR306,Voirons Flysch,Bruant Sandstone Fm.,Rau Bruant,Section 2,,,08/09/2012,thin section
JR307,Voirons Flysch,Bruant Sandstone Fm.,Rau Bruant,Section 4,,,08/09/2012,thin section
JR308,Voirons Flysch,Bruant Sandstone Fm.,Rau Bruant,Section 6,,,08/09/2012,thin section
JR309,Voirons Flysch,Voirons Sandstone Fm.,les Grands Bois 1,,38-39,marl,03/10/2012,thin section
JR310,Voirons Flysch,Boëge Marl Fm.,torrent Chez le Merizier,,41,,03/10/2012,thin section
JR311,Voirons Flysch,Boëge Marl Fm.,torrent Chez Rollin,,,,04/10/2012,thin section
JR312,Voirons Flysch,Voirons Sandstone Fm.,carrière de Fillinges 1,,65,,22/10/2012,thin section
JR313,Voirons Flysch,Voirons Sandstone Fm.,carrière de Fillinges 1,,84,,22/10/2012,thin section
JR314,Voirons Flysch,Voirons Sandstone Fm.,carrière de Fillinges 1,,92,,22/10/2012,thin section
JR315,Voirons Flysch,Vouan Conglomerate Fm.,torrent de Chauffemérande,bordure de chemin,,,23/12/2012,thin section
JR316,Voirons Flysch,Vouan Conglomerate Fm.,torrent de Chauffemérande,bordure de chemin,,,23/12/2012,thin section
JR317,Voirons Flysch,Vouan Conglomerate Fm.,torrent de Chauffemérande,bordure de chemin,,,23/12/2012,thin section
JR318,Voirons Flysch,Boëge Marl Fm.,torrent de Chauffemérande,Cgl de la base,,,23/12/2012,thin section
JR319,Voirons Flysch,Boëge Marl Fm.,torrent de Chauffemérande,Cgl clast supported,,,23/12/2012,thin section
JR320,Voirons Flysch,Allinges Sandstone Mb.,carrière des Châteaux,Section 3,16,,31/12/2012,thin section
JR321,Voirons Flysch,Allinges Sandstone Mb.,carrière des Châteaux,Section 3,17,,31/12/2012,thin section
JR322,Voirons Flysch,Allinges Sandstone Mb.,carrière des Châteaux,Section 3,22-23,marl,31/12/2012,forams
JR323,Voirons Flysch,Allinges Sandstone Mb.,carrière des Châteaux,Section 3,23a,,31/12/2012,thin section
JR324,Voirons Flysch,Allinges Sandstone Mb.,carrière des Châteaux,Section 2,9,,31/12/2012,thin section
JR325,Voirons Flysch,Allinges Sandstone Mb.,carrière des Châteaux,Section 2,15,,31/12/2012,thin section
JR326,Voirons Flysch,Allinges Sandstone Mb.,carrière des Châteaux,Section 1,3,,31/12/2012,thin section
JR327,Voirons Flysch,Allinges Sandstone Mb.,carrière des Châteaux,Section 1,6,,31/12/2012,thin section
JR328,Voirons Flysch,Boëge Marl Fm.,torrent de Chauffemérande,contact sup MdS/CgV,,,23/12/2012,thin section
JR329,Voirons Flysch,Allinges Sandstone Mb.,carrière des Châteaux,Section 2,7,,31/12/2012,thin section
JR330,Voirons Flysch,Allinges Sandstone Mb.,carrière des Châteaux,Section 3,10,,31/12/2012,thin section
JR331,Voirons Flysch,Vouan Conglomerate Fm.,torrent de la Molertaz,Section 2 – rive gauche,x,,06/06/2013,thin section
JR332,Voirons Flysch,Allinges Sandstone Mb.,Rocher d'escalade,grotte paroissiale N.D. de Lourdes,11,,14/04/2013,thin section
JR333,Voirons Flysch,Allinges Sandstone Mb.,Rocher d'escalade,grotte paroissiale N.D. de Lourdes,16,,14/04/2013,thin section
JR334,Voirons Flysch,Allinges Sandstone Mb.,carrière Route des Noyers,x,,,14/04/2013,thin section
JR335,Voirons Flysch,Allinges Sandstone Mb.,petite carrière 2,x,1,,14/04/2013,thin section
JR336,Préalpes Médianes nappe,Calcaire spathique,Gros Mology,Contact avec Calc. Ool.,base,,27/05/2013,thin section
JR337,Gurnigel Flysch,,carrière des Fayaux 1,,,marl,30/05/2013,forams
JR338,Gurnigel Flysch,,carrière des Fayaux 1,,,,30/05/2013,thin section
JR339,Gurnigel Flysch,,carrière des Fayaux 1,,,,30/05/2013,thin section
JR340,Gurnigel Flysch,,carrière des Fayaux 1,,,,30/05/2013,thin section
JR341,Voirons Flysch,Allinges Sandstone Mb.,chemin du Château,,x,,04/06/2013,thin section
JR342,Voirons Flysch,Allinges Sandstone Mb.,Château-Neuf d'Allinges,Rempart Nord,x,,04/06/2013,thin section
JR343,Voirons Flysch,Allinges Sandstone Mb.,Château-Neuf d'Allinges,Rempart Nord,x,,04/06/2013,thin section
JR344,Voirons Flysch,Allinges Sandstone Mb.,Rocher d'escalade,Abri sous-roche,4a,,04/06/2013,thin section
JR345,Voirons Flysch,Allinges Sandstone Mb.,Rocher d'escalade,Abri sous-roche,5,,04/06/2013,thin section
JR346,Voirons Flysch,Allinges Sandstone Mb.,Rocher d'escalade,Falaise,9,,04/06/2013,thin section
JR347,Voirons Flysch,Vouan Conglomerate Fm.,torrent de la Molertaz,Section 2 – rive droite,x,,06/06/2013,thin section
JR348,Voirons Flysch,Vouan Conglomerate Fm.,torrent de la Molertaz,Section 2 – rive droite,x,,06/06/2013,thin section
JR349,Voirons Flysch,Vouan Conglomerate Fm.,la Janière,,x,,06/06/2013,thin section
JR350,Voirons Flysch,Boëge Marl Fm.,torrent de la Combe Ecuer,Section Ecuer 6,,,19/06/2013,thin section
JR351,Voirons Flysch,Boëge Marl Fm.,torrent de la Combe Ecuer,Section Ecuer 6,,,19/06/2013,thin section
JR352,Voirons Flysch,Boëge Marl Fm.,torrent de la Combe Ecuer,Section Ecuer 2,,,19/06/2013,thin section
JR353,Voirons Flysch,Boëge Marl Fm.,torrent de la Combe Ecuer,Section Ecuer 1,,,19/06/2013,thin section
JR354,Voirons Flysch,Voirons Sandstone Fm.,nant des Manants,,,,15/07/2013,thin section
JR355,Voirons Flysch,Voirons Sandstone Fm.,nant des Manants,,,,15/07/2013,thin section
JR356,Voirons Flysch,Boëge Marl Fm.,Rau Bruan,bancs schisteux ?,,,15/07/2013,thin section
JR357,Gurnigel Flysch,,Zollhaus,,,,19/07/2013,thin section
JR358,Gurnigel Flysch,,Zollhaus,,,,19/07/2013,thin section
JR359,Gurnigel Flysch,,Zollhaus,,,,19/07/2013,thin section
JR360,Gurnigel Flysch,,Zollhaus,,,,19/07/2013,thin section
JR361,Gurnigel Flysch,,Zollhaus,,,marl,19/07/2013,forams
JR362,Gurnigel Flysch,,Zollhaus,,,marl,19/07/2013,forams
JR363,Gurnigel Flysch,,Zollhaus,,,marl,19/07/2013,forams
JR364,Gurnigel Flysch,,Zollhaus,,,marl,19/07/2013,forams
JR365,Voirons Flysch,Fenalet sandstone,carrière du Fenalet,NW,7,,21/07/2013,thin section
JR366,Voirons Flysch,Fenalet sandstone,carrière du Fenalet,NW,9,,21/07/2013,thin section
JR367,Voirons Flysch,Fenalet sandstone,carrière du Fenalet,NW,14,,21/07/2013,thin section
JR368,Voirons Flysch,Vouan Conglomerate Fm.,torrent de Chauffemérande,,,,05/07/2013,thin section
JR369,Voirons Flysch,Voirons Sandstone Fm.,nant des Manants,,101,,25/07/2013,thin section
JR370,Voirons Flysch,Boëge Marl Fm.,torrent de Chauffemérande,Section 1,9,,06/10/2013,thin section
JR371,Voirons Flysch,Vouan Conglomerate Fm.,torrent de Chauffemérande,cavité sur chemin,,,06/10/2013,thin section
JR372,Voirons Flysch,Vouan Conglomerate Fm.,Grotte aux Loups,cave,6a,,,thin section
JR373,Voirons Flysch,Vouan Conglomerate Fm.,Grotte aux Loups,cave,7a,,,thin section
JR374,Voirons Flysch,Vouan Conglomerate Fm.,Grotte aux Loups,cliff,17,,,thin section
JR375,Voirons Flysch,Vouan Conglomerate Fm.,Grotte aux Loups,,,,,thin section
JR376,Voirons Flysch,Fenalet sandstone,carrière du Fenalet,NW section,4a,fine sandstone,,thin section
JR377,Gurnigel Flysch,Flysch 3,Veveyse de Fégire,,,marl,2015-08-22,forams
JR378,Gurnigel Flysch,Flysch 3,Veveyse de Fégire,,,marl,2015-08-22,forams
JR379,Gurnigel Flysch,Flysch 3,Veveyse de Fégire,,,coarse sandstone,2015-08-22,thin section
JR380,Gurnigel Flysch,Flysch 3,Veveyse de Fégire,,,fine sandstone,2015-08-22,thin section
JR381,Gurnigel Flysch,Flysch 3,Veveyse de Fégire,,,marl,2015-08-22,forams
JR382,Gurnigel Flysch,Flysch 3,Veveyse de Fégire,,,marl,2015-08-22,forams
JR383,Voirons Flysch,Bruant Sandstone Fm.,Nant de Carraz,stream,,marl,2017-05-08,forams
JR384,Voirons Flysch,Bruant Sandstone Fm.,Nant de Carraz,stream,,marl,2017-05-08,forams
JR385,Voirons Flysch,Bruant Sandstone Fm.,Nant de Carraz,stream,,marl,2017-05-08,forams
JR386,Préalpes Médianes nappe,Cuvigne Derrey Fm.,Col de Jambaz,stream,,medium sandstone,2017-06-13,XRF
JR387,Préalpes Médianes nappe,Cuvigne Derrey Fm.,Col de Jambaz,stream,,fine sandstone,2017-06-13,XRF
JR388,Préalpes Médianes nappe,Cuvigne Derrey Fm.,Le Corbier,stream,,fine sandstone,2017-06-16,XRF
JR389,Préalpes Médianes nappe,Cuvigne Derrey Fm.,Le Corbier,stream,,fine sandstone,2017-06-16,XRF
JR390,Gets nappe,Perrières Fm.,Mont Caly,stream,,schist,2017-06-30,XRF
JR391,Gets nappe,Perrières Fm.,Mont Caly,stream,,fine sandstone,2017-06-30,XRF
JR392,Gets nappe,Perrières Fm.,Mont Caly,stream,,fine sandstone,2017-06-30,XRF
JR393,Gets nappe,Perrières Fm.,Mont Caly,stream,,fine sandstone,2017-06-30,XRF
JR394,Gets nappe,Perrières Fm.,Mont Caly,stream,,fine sandstone,2017-06-30,XRF
JR395,Dranse nappe,Biot Fm.,Seytroux,D 294,,limestone ?,2017-07-03,XRF
JR396,Préalpes Médianes nappe,Cuvigne Derrey Fm.,L’Herny,path,,fine sandstone,2017-07-05,XRF
JR397,Dranse nappe,Biot Fm.,Colerin stream,stream,,medium sandstone ?,2017-07-05,XRF
JR398,Préalpes Médianes nappe,Cuvigne Derrey Fm.,Fillian stream,stream,,fine sandstone,2017-07-13,XRF
JR399,Préalpes Médianes nappe,Cuvigne Derrey Fm.,Fillian stream,stream,,fine sandstone,2017-07-13,XRF
JR400,Préalpes Médianes nappe,Cuvigne Derrey Fm.,Fillian stream,stream,,marl,2017-07-13,XRF
JR401,Simme nappe,Fouyet Fm.,Le Miallet,stream,,fine sandstone,2017-07-27,XRF
JR402,Simme nappe,Fouyet Fm.,Le Miallet,stream,,fine sandstone,2017-07-27,XRF
JR403,Helvetic,Val d’Illiez sandstone,Le Nom,stream,,fine sandstone,2017-08-03,XRF
JR404,Helvetic,Val d’Illiez sandstone,Le Nom,stream,,medium sandstone,2017-08-03,XRF
JR405,Helvetic,Val d’Illiez sandstone,Le Nom,path,,siltstone,2017-08-03,XRF
JR406,Helvetic,Val d’Illiez sandstone,Le Nom,road bank,,medium to coarse sandstone,2017-08-03,XRF
JR407,Helvetic,Val d’Illiez sandstone,Le Nom,road bank,,microconglomerate,2017-08-03,XRF
JR408,Subalpine flysch,Bellevue sandstone,Le Nom,road bank,,fine sandstone,2017-08-04,XRF
JR409,Subalpine flysch,Bellevue sandstone,Le Nom,road bank,,marl,2017-08-04,XRF
JR410,Voirons Flysch,Voirons Sandstone Fm.,carrière de Bons,,,marl,2017-08-05,XRF
JR411,Voirons Flysch,Voirons Sandstone Fm.,carrière supérieure de Saxel,,,marl,2017-08-05,XRF
JR412,Voirons Flysch,Voirons Sandstone Fm.,carrière supérieure de Saxel,,,marl,2017-08-05,XRF
JR413,Voirons Flysch,Boëge Marl Fm.,route de Supersaxel,,,marl,2017-08-05,XRF
JR414,Sarine nappe,Estavanens Flysch Mb.,Estavanens,road bank,,marl,2017-08-13,XRF
JR415,Sarine nappe,Estavanens Flysch Mb.,Estavanens,road bank,,fine sandstone,2017-08-13,XRF
JR416,Sarine nappe,Estavanens Flysch Mb.,Estavanens,road bank,,fravelly medium sandstone,2017-08-13,XRF
JR417,Sarine nappe,Estavanens Flysch Mb.,Estavanens,road bank,,fine sandstone,2017-08-13,XRF
JR418,Ultrahelvetic,Formation olistolitique,Nant d’Ant,stream,,,2019-06-24,thin section
JR419,Ultrahelvetic,Formation olistolitique,Nant d’Ant,stream,,,2019-06-24,thin section
JR420,Ultrahelvetic,Formation olistolitique,Nant d’Ant,stream,,,2019-06-24,thin section
JR421,Ultrahelvetic,Formation olistolitique,Nant d’Ant,stream,,,2019-06-24,thin section
JR422,Ultrahelvetic,Formation olistolitique,Nant d’Ant,stream,,,2019-06-24,thin section
JR423,Ultrahelvetic,Formation olistolitique,Nant d’Ant,stream,,,2019-06-24,thin section
JR424,Ultrahelvetic,Formation olistolitique,Nant d’Ant,stream,,,2019-06-24,thin section
JR425,Ultrahelvetic,Formation olistolitique,Nant d’Ant,stream,,,2019-06-24,thin section
JR426,Dranse nappe,Biot Fm.,Seytroux,D 294,,marl,2019-07-30,XRF
JR427,Dranse nappe,Biot Fm.,Seytroux,D 294,,marl,2019-07-30,XRF
JR428,Préalpes Médianes nappe,Cuvigne Derrey Fm.,Fillian stream,stream,,marl,2019-07-30,XRF
JR429,Préalpes Médianes nappe,Cuvigne Derrey Fm.,Fillian stream,stream,,marl,2019-07-30,XRF
JR430,Helvetic,Val d’Illiez sandstone,Le Nom,path,,marl,2019-08-01,XRF
JR431,Simme nappe,Fouyet Fm.,Le Miallet,stream,,marl,2019-08-02,XRF
JR432,Simme nappe,Fouyet Fm.,Le Miallet,stream,,marl,2019-08-02,XRF
JR433,Gets nappe,Perrières Fm.,Mont Caly,section,,marl,2019-08-05,XRF
JR434,Dranse nappe,Biot Fm.,,path,,marl,2019-11-12,XRF
JR435,,,,,,,,
JR436,,,,,,,,
JR437,,,,,,,,
JR438,,,,,,,,
JR439,,,,,,,,
JR440,,,,,,,,
